file,line,type,commit,author,date,time,timezone,datetime,depth,length
styles.css,1,css,fcaaac15,jaden,2025-10-10,22:52:35,-07:00,2025-10-10T22:52:35-07:00,0,4
styles.css,2,css,fcaaac15,jaden,2025-10-10,22:52:35,-07:00,2025-10-10T22:52:35-07:00,1,31
styles.css,3,css,fcaaac15,jaden,2025-10-10,22:52:35,-07:00,2025-10-10T22:52:35-07:00,1,32
styles.css,4,css,6f115756,jaden,2025-10-17,18:31:12,-07:00,2025-10-17T18:31:12-07:00,1,23
styles.css,5,css,230a9925,golkelj,2025-04-17,19:53:20,-07:00,2025-04-17T19:53:20-07:00,0,0
styles.css,6,css,230a9925,golkelj,2025-04-17,19:53:20,-07:00,2025-04-17T19:53:20-07:00,0,0
styles.css,7,css,230a9925,golkelj,2025-04-17,19:53:20,-07:00,2025-04-17T19:53:20-07:00,0,4
styles.css,8,css,fcaaac15,jaden,2025-10-10,22:52:35,-07:00,2025-10-10T22:52:35-07:00,1,15
styles.css,9,css,fcaaac15,jaden,2025-10-10,22:52:35,-07:00,2025-10-10T22:52:35-07:00,1,42
styles.css,10,css,fcaaac15,jaden,2025-10-10,22:52:35,-07:00,2025-10-10T22:52:35-07:00,1,13
styles.css,11,css,fcaaac15,jaden,2025-10-10,22:52:35,-07:00,2025-10-10T22:52:35-07:00,1,33
styles.css,12,css,230a9925,golkelj,2025-04-17,19:53:20,-07:00,2025-04-17T19:53:20-07:00,1,15
styles.css,13,css,2cbdc487,jaden,2025-10-03,16:17:03,-07:00,2025-10-03T16:17:03-07:00,0,0
styles.css,14,css,2cbdc487,jaden,2025-10-03,16:17:03,-07:00,2025-10-03T16:17:03-07:00,0,0
styles.css,15,css,fcaaac15,jaden,2025-10-10,22:52:35,-07:00,2025-10-10T22:52:35-07:00,0,6
styles.css,16,css,fcaaac15,jaden,2025-10-10,22:52:35,-07:00,2025-10-10T22:52:35-07:00,1,16
styles.css,17,css,fcaaac15,jaden,2025-10-10,22:52:35,-07:00,2025-10-10T22:52:35-07:00,1,8
styles.css,18,css,fcaaac15,jaden,2025-10-10,22:52:35,-07:00,2025-10-10T22:52:35-07:00,1,9
styles.css,19,css,230a9925,golkelj,2025-04-17,19:53:20,-07:00,2025-04-17T19:53:20-07:00,0,0
styles.css,20,css,230a9925,golkelj,2025-04-17,19:53:20,-07:00,2025-04-17T19:53:20-07:00,0,0
styles.css,21,css,fcaaac15,jaden,2025-10-10,22:52:35,-07:00,2025-10-10T22:52:35-07:00,0,3
styles.css,22,css,6f115756,jaden,2025-10-17,18:31:12,-07:00,2025-10-17T18:31:12-07:00,1,39
styles.css,23,css,230a9925,golkelj,2025-04-17,19:53:20,-07:00,2025-04-17T19:53:20-07:00,1,12
styles.css,24,css,fcaaac15,jaden,2025-10-10,22:52:35,-07:00,2025-10-10T22:52:35-07:00,1,22
styles.css,25,css,fcaaac15,jaden,2025-10-10,22:52:35,-07:00,2025-10-10T22:52:35-07:00,1,17
styles.css,26,css,fcaaac15,jaden,2025-10-10,22:52:35,-07:00,2025-10-10T22:52:35-07:00,1,18
styles.css,27,css,6f115756,jaden,2025-10-17,18:31:12,-07:00,2025-10-17T18:31:12-07:00,1,43
styles.css,28,css,230a9925,golkelj,2025-04-17,19:53:20,-07:00,2025-04-17T19:53:20-07:00,0,0
styles.css,29,css,230a9925,golkelj,2025-04-17,19:53:20,-07:00,2025-04-17T19:53:20-07:00,0,0
styles.css,30,css,fcaaac15,jaden,2025-10-10,22:52:35,-07:00,2025-10-10T22:52:35-07:00,0,5
styles.css,31,css,fcaaac15,jaden,2025-10-10,22:52:35,-07:00,2025-10-10T22:52:35-07:00,1,6
styles.css,32,css,fcaaac15,jaden,2025-10-10,22:52:35,-07:00,2025-10-10T22:52:35-07:00,1,20
styles.css,33,css,fcaaac15,jaden,2025-10-10,22:52:35,-07:00,2025-10-10T22:52:35-07:00,1,13
styles.css,34,css,fcaaac15,jaden,2025-10-10,22:52:35,-07:00,2025-10-10T22:52:35-07:00,1,13
styles.css,35,css,fcaaac15,jaden,2025-10-10,22:52:35,-07:00,2025-10-10T22:52:35-07:00,1,17
styles.css,36,css,230a9925,golkelj,2025-04-17,19:53:20,-07:00,2025-04-17T19:53:20-07:00,0,0
styles.css,37,css,230a9925,golkelj,2025-04-17,19:53:20,-07:00,2025-04-17T19:53:20-07:00,0,0
styles.css,38,css,fcaaac15,jaden,2025-10-10,22:52:35,-07:00,2025-10-10T22:52:35-07:00,0,13
styles.css,39,css,6f115756,jaden,2025-10-17,18:31:12,-07:00,2025-10-17T18:31:12-07:00,1,45
styles.css,40,css,fcaaac15,jaden,2025-10-10,22:52:35,-07:00,2025-10-10T22:52:35-07:00,1,20
styles.css,41,css,fcaaac15,jaden,2025-10-10,22:52:35,-07:00,2025-10-10T22:52:35-07:00,1,19
styles.css,42,css,230a9925,golkelj,2025-04-17,19:53:20,-07:00,2025-04-17T19:53:20-07:00,0,0
styles.css,43,css,230a9925,golkelj,2025-04-17,19:53:20,-07:00,2025-04-17T19:53:20-07:00,0,0
styles.css,44,css,fcaaac15,jaden,2025-10-10,22:52:35,-07:00,2025-10-10T22:52:35-07:00,0,25
styles.css,45,css,6f115756,jaden,2025-10-17,18:31:12,-07:00,2025-10-17T18:31:12-07:00,1,69
styles.css,46,css,fcaaac15,jaden,2025-10-10,22:52:35,-07:00,2025-10-10T22:52:35-07:00,1,45
styles.css,47,css,230a9925,golkelj,2025-04-17,19:53:20,-07:00,2025-04-17T19:53:20-07:00,0,0
styles.css,48,css,230a9925,golkelj,2025-04-17,19:53:20,-07:00,2025-04-17T19:53:20-07:00,0,0
styles.css,49,css,fcaaac15,jaden,2025-10-10,22:52:35,-07:00,2025-10-10T22:52:35-07:00,0,16
styles.css,50,css,fcaaac15,jaden,2025-10-10,22:52:35,-07:00,2025-10-10T22:52:35-07:00,1,11
styles.css,51,css,fcaaac15,jaden,2025-10-10,22:52:35,-07:00,2025-10-10T22:52:35-07:00,1,11
styles.css,52,css,fcaaac15,jaden,2025-10-10,22:52:35,-07:00,2025-10-10T22:52:35-07:00,1,18
styles.css,53,css,230a9925,golkelj,2025-04-17,19:53:20,-07:00,2025-04-17T19:53:20-07:00,0,0
styles.css,54,css,230a9925,golkelj,2025-04-17,19:53:20,-07:00,2025-04-17T19:53:20-07:00,0,0
styles.css,55,css,230a9925,golkelj,2025-04-17,19:53:20,-07:00,2025-04-17T19:53:20-07:00,0,0
styles.css,56,css,fcaaac15,jaden,2025-10-10,22:52:35,-07:00,2025-10-10T22:52:35-07:00,0,4
styles.css,57,css,fcaaac15,jaden,2025-10-10,22:52:35,-07:00,2025-10-10T22:52:35-07:00,1,12
styles.css,58,css,fcaaac15,jaden,2025-10-10,22:52:35,-07:00,2025-10-10T22:52:35-07:00,1,12
styles.css,59,css,fcaaac15,jaden,2025-10-10,22:52:35,-07:00,2025-10-10T22:52:35-07:00,1,30
styles.css,60,css,fcaaac15,jaden,2025-10-10,22:52:35,-07:00,2025-10-10T22:52:35-07:00,1,7
styles.css,61,css,230a9925,golkelj,2025-04-17,19:53:20,-07:00,2025-04-17T19:53:20-07:00,0,0
styles.css,62,css,230a9925,golkelj,2025-04-17,19:53:20,-07:00,2025-04-17T19:53:20-07:00,0,0
styles.css,63,css,fcaaac15,jaden,2025-10-10,22:52:35,-07:00,2025-10-10T22:52:35-07:00,0,10
styles.css,64,css,fcaaac15,jaden,2025-10-10,22:52:35,-07:00,2025-10-10T22:52:35-07:00,1,16
styles.css,65,css,fcaaac15,jaden,2025-10-10,22:52:35,-07:00,2025-10-10T22:52:35-07:00,1,18
styles.css,66,css,fcaaac15,jaden,2025-10-10,22:52:35,-07:00,2025-10-10T22:52:35-07:00,1,29
styles.css,67,css,230a9925,golkelj,2025-04-17,19:53:20,-07:00,2025-04-17T19:53:20-07:00,0,0
styles.css,68,css,230a9925,golkelj,2025-04-17,19:53:20,-07:00,2025-04-17T19:53:20-07:00,0,0
styles.css,69,css,fcaaac15,jaden,2025-10-10,22:52:35,-07:00,2025-10-10T22:52:35-07:00,0,9
styles.css,70,css,fcaaac15,jaden,2025-10-10,22:52:35,-07:00,2025-10-10T22:52:35-07:00,0,13
styles.css,71,css,fcaaac15,jaden,2025-10-10,22:52:35,-07:00,2025-10-10T22:52:35-07:00,1,10
styles.css,72,css,fcaaac15,jaden,2025-10-10,22:52:35,-07:00,2025-10-10T22:52:35-07:00,1,21
styles.css,73,css,fcaaac15,jaden,2025-10-10,22:52:35,-07:00,2025-10-10T22:52:35-07:00,1,13
styles.css,74,css,fcaaac15,jaden,2025-10-10,22:52:35,-07:00,2025-10-10T22:52:35-07:00,1,12
styles.css,75,css,230a9925,golkelj,2025-04-17,19:53:20,-07:00,2025-04-17T19:53:20-07:00,0,0
styles.css,76,css,230a9925,golkelj,2025-04-17,19:53:20,-07:00,2025-04-17T19:53:20-07:00,0,0
styles.css,77,css,fcaaac15,jaden,2025-10-10,22:52:35,-07:00,2025-10-10T22:52:35-07:00,0,11
styles.css,78,css,fcaaac15,jaden,2025-10-10,22:52:35,-07:00,2025-10-10T22:52:35-07:00,1,10
styles.css,79,css,fcaaac15,jaden,2025-10-10,22:52:35,-07:00,2025-10-10T22:52:35-07:00,1,13
styles.css,80,css,fcaaac15,jaden,2025-10-10,22:52:35,-07:00,2025-10-10T22:52:35-07:00,1,12
styles.css,81,css,fcaaac15,jaden,2025-10-10,22:52:35,-07:00,2025-10-10T22:52:35-07:00,1,18
styles.css,82,css,230a9925,golkelj,2025-04-17,19:53:20,-07:00,2025-04-17T19:53:20-07:00,0,0
styles.css,83,css,230a9925,golkelj,2025-04-17,19:53:20,-07:00,2025-04-17T19:53:20-07:00,0,0
styles.css,84,css,fcaaac15,jaden,2025-10-10,22:52:35,-07:00,2025-10-10T22:52:35-07:00,0,9
styles.css,85,css,fcaaac15,jaden,2025-10-10,22:52:35,-07:00,2025-10-10T22:52:35-07:00,1,12
styles.css,86,css,fcaaac15,jaden,2025-10-10,22:52:35,-07:00,2025-10-10T22:52:35-07:00,1,58
styles.css,87,css,fcaaac15,jaden,2025-10-10,22:52:35,-07:00,2025-10-10T22:52:35-07:00,1,7
styles.css,88,css,fcaaac15,jaden,2025-10-10,22:52:35,-07:00,2025-10-10T22:52:35-07:00,1,11
styles.css,89,css,230a9925,golkelj,2025-04-17,19:53:20,-07:00,2025-04-17T19:53:20-07:00,0,0
styles.css,90,css,230a9925,golkelj,2025-04-17,19:53:20,-07:00,2025-04-17T19:53:20-07:00,0,0
styles.css,91,css,fcaaac15,jaden,2025-10-10,22:52:35,-07:00,2025-10-10T22:52:35-07:00,0,17
styles.css,92,css,fcaaac15,jaden,2025-10-10,22:52:35,-07:00,2025-10-10T22:52:35-07:00,1,12
styles.css,93,css,fcaaac15,jaden,2025-10-10,22:52:35,-07:00,2025-10-10T22:52:35-07:00,1,26
styles.css,94,css,fcaaac15,jaden,2025-10-10,22:52:35,-07:00,2025-10-10T22:52:35-07:00,1,15
styles.css,95,css,fcaaac15,jaden,2025-10-10,22:52:35,-07:00,2025-10-10T22:52:35-07:00,1,7
styles.css,96,css,230a9925,golkelj,2025-04-17,19:53:20,-07:00,2025-04-17T19:53:20-07:00,0,0
styles.css,97,css,230a9925,golkelj,2025-04-17,19:53:20,-07:00,2025-04-17T19:53:20-07:00,0,0
styles.css,98,css,fcaaac15,jaden,2025-10-10,22:52:35,-07:00,2025-10-10T22:52:35-07:00,0,20
styles.css,99,css,230a9925,golkelj,2025-04-17,19:53:20,-07:00,2025-04-17T19:53:20-07:00,1,8
styles.css,100,css,230a9925,golkelj,2025-04-17,19:53:20,-07:00,2025-04-17T19:53:20-07:00,0,0
styles.css,101,css,230a9925,golkelj,2025-04-17,19:53:20,-07:00,2025-04-17T19:53:20-07:00,0,0
styles.css,102,css,fcaaac15,jaden,2025-10-10,22:52:35,-07:00,2025-10-10T22:52:35-07:00,0,2
styles.css,103,css,fcaaac15,jaden,2025-10-10,22:52:35,-07:00,2025-10-10T22:52:35-07:00,1,14
styles.css,104,css,fcaaac15,jaden,2025-10-10,22:52:35,-07:00,2025-10-10T22:52:35-07:00,1,15
styles.css,105,css,fcaaac15,jaden,2025-10-10,22:52:35,-07:00,2025-10-10T22:52:35-07:00,1,17
styles.css,106,css,230a9925,golkelj,2025-04-17,19:53:20,-07:00,2025-04-17T19:53:20-07:00,0,0
styles.css,107,css,230a9925,golkelj,2025-04-17,19:53:20,-07:00,2025-04-17T19:53:20-07:00,0,0
styles.css,108,css,fcaaac15,jaden,2025-10-10,22:52:35,-07:00,2025-10-10T22:52:35-07:00,0,0
styles.css,109,css,fcaaac15,jaden,2025-10-10,22:52:35,-07:00,2025-10-10T22:52:35-07:00,0,2
styles.css,110,css,fcaaac15,jaden,2025-10-10,22:52:35,-07:00,2025-10-10T22:52:35-07:00,1,14
styles.css,111,css,fcaaac15,jaden,2025-10-10,22:52:35,-07:00,2025-10-10T22:52:35-07:00,1,15
styles.css,112,css,fcaaac15,jaden,2025-10-10,22:52:35,-07:00,2025-10-10T22:52:35-07:00,1,17
styles.css,113,css,fcaaac15,jaden,2025-10-10,22:52:35,-07:00,2025-10-10T22:52:35-07:00,1,12
styles.css,114,css,fcaaac15,jaden,2025-10-10,22:52:35,-07:00,2025-10-10T22:52:35-07:00,0,18
styles.css,115,css,fcaaac15,jaden,2025-10-10,22:52:35,-07:00,2025-10-10T22:52:35-07:00,1,15
styles.css,116,css,fcaaac15,jaden,2025-10-10,22:52:35,-07:00,2025-10-10T22:52:35-07:00,1,17
styles.css,117,css,230a9925,golkelj,2025-04-17,19:53:20,-07:00,2025-04-17T19:53:20-07:00,0,0
styles.css,118,css,230a9925,golkelj,2025-04-17,19:53:20,-07:00,2025-04-17T19:53:20-07:00,0,0
styles.css,119,css,fcaaac15,jaden,2025-10-10,22:52:35,-07:00,2025-10-10T22:52:35-07:00,0,7
styles.css,120,css,fcaaac15,jaden,2025-10-10,22:52:35,-07:00,2025-10-10T22:52:35-07:00,1,18
styles.css,121,css,230a9925,golkelj,2025-04-17,19:53:20,-07:00,2025-04-17T19:53:20-07:00,0,0
styles.css,122,css,230a9925,golkelj,2025-04-17,19:53:20,-07:00,2025-04-17T19:53:20-07:00,0,0
styles.css,123,css,fcaaac15,jaden,2025-10-10,22:52:35,-07:00,2025-10-10T22:52:35-07:00,0,19
styles.css,124,css,fcaaac15,jaden,2025-10-10,22:52:35,-07:00,2025-10-10T22:52:35-07:00,1,14
styles.css,125,css,fcaaac15,jaden,2025-10-10,22:52:35,-07:00,2025-10-10T22:52:35-07:00,1,19
styles.css,126,css,230a9925,golkelj,2025-04-17,19:53:20,-07:00,2025-04-17T19:53:20-07:00,0,0
styles.css,127,css,230a9925,golkelj,2025-04-17,19:53:20,-07:00,2025-04-17T19:53:20-07:00,0,0
styles.css,128,css,fcaaac15,jaden,2025-10-10,22:52:35,-07:00,2025-10-10T22:52:35-07:00,0,7
styles.css,129,css,fcaaac15,jaden,2025-10-10,22:52:35,-07:00,2025-10-10T22:52:35-07:00,1,20
styles.css,130,css,fcaaac15,jaden,2025-10-10,22:52:35,-07:00,2025-10-10T22:52:35-07:00,1,11
styles.css,131,css,6f115756,jaden,2025-10-17,18:31:12,-07:00,2025-10-17T18:31:12-07:00,1,36
styles.css,132,css,fcaaac15,jaden,2025-10-10,22:52:35,-07:00,2025-10-10T22:52:35-07:00,1,17
styles.css,133,css,fcaaac15,jaden,2025-10-10,22:52:35,-07:00,2025-10-10T22:52:35-07:00,1,32
styles.css,134,css,fcaaac15,jaden,2025-10-10,22:52:35,-07:00,2025-10-10T22:52:35-07:00,1,12
styles.css,135,css,fcaaac15,jaden,2025-10-10,22:52:35,-07:00,2025-10-10T22:52:35-07:00,1,9
styles.css,136,css,230a9925,golkelj,2025-04-17,19:53:20,-07:00,2025-04-17T19:53:20-07:00,0,0
styles.css,137,css,230a9925,golkelj,2025-04-17,19:53:20,-07:00,2025-04-17T19:53:20-07:00,0,0
styles.css,138,css,fcaaac15,jaden,2025-10-10,22:52:35,-07:00,2025-10-10T22:52:35-07:00,0,17
styles.css,139,css,fcaaac15,jaden,2025-10-10,22:52:35,-07:00,2025-10-10T22:52:35-07:00,1,17
styles.css,140,css,fcaaac15,jaden,2025-10-10,22:52:35,-07:00,2025-10-10T22:52:35-07:00,1,20
styles.css,141,css,230a9925,golkelj,2025-04-17,19:53:20,-07:00,2025-04-17T19:53:20-07:00,0,0
styles.css,142,css,230a9925,golkelj,2025-04-17,19:53:20,-07:00,2025-04-17T19:53:20-07:00,0,0
styles.css,143,css,fcaaac15,jaden,2025-10-10,22:52:35,-07:00,2025-10-10T22:52:35-07:00,0,12
styles.css,144,css,fcaaac15,jaden,2025-10-10,22:52:35,-07:00,2025-10-10T22:52:35-07:00,1,18
styles.css,145,css,fcaaac15,jaden,2025-10-10,22:52:35,-07:00,2025-10-10T22:52:35-07:00,1,10
styles.css,146,css,230a9925,golkelj,2025-04-17,19:53:20,-07:00,2025-04-17T19:53:20-07:00,0,0
styles.css,147,css,230a9925,golkelj,2025-04-17,19:53:20,-07:00,2025-04-17T19:53:20-07:00,0,0
styles.css,148,css,fcaaac15,jaden,2025-10-10,22:52:35,-07:00,2025-10-10T22:52:35-07:00,0,9
styles.css,149,css,fcaaac15,jaden,2025-10-10,22:52:35,-07:00,2025-10-10T22:52:35-07:00,1,25
styles.css,150,css,fcaaac15,jaden,2025-10-10,22:52:35,-07:00,2025-10-10T22:52:35-07:00,1,20
styles.css,151,css,fcaaac15,jaden,2025-10-10,22:52:35,-07:00,2025-10-10T22:52:35-07:00,1,16
styles.css,152,css,230a9925,golkelj,2025-04-17,19:53:20,-07:00,2025-04-17T19:53:20-07:00,0,0
styles.css,153,css,230a9925,golkelj,2025-04-17,19:53:20,-07:00,2025-04-17T19:53:20-07:00,0,0
styles.css,154,css,fcaaac15,jaden,2025-10-10,22:52:35,-07:00,2025-10-10T22:52:35-07:00,0,15
styles.css,155,css,fcaaac15,jaden,2025-10-10,22:52:35,-07:00,2025-10-10T22:52:35-07:00,1,25
styles.css,156,css,230a9925,golkelj,2025-04-17,19:53:20,-07:00,2025-04-17T19:53:20-07:00,0,0
styles.css,157,css,230a9925,golkelj,2025-04-17,19:53:20,-07:00,2025-04-17T19:53:20-07:00,0,0
styles.css,158,css,fcaaac15,jaden,2025-10-10,22:52:35,-07:00,2025-10-10T22:52:35-07:00,0,1
styles.css,159,css,fcaaac15,jaden,2025-10-10,22:52:35,-07:00,2025-10-10T22:52:35-07:00,1,15
styles.css,160,css,2cbdc487,jaden,2025-10-03,16:17:03,-07:00,2025-10-03T16:17:03-07:00,0,0
styles.css,161,css,2cbdc487,jaden,2025-10-03,16:17:03,-07:00,2025-10-03T16:17:03-07:00,0,0
styles.css,162,css,6f115756,jaden,2025-10-17,18:31:12,-07:00,2025-10-17T18:31:12-07:00,0,25
styles.css,163,css,6f115756,jaden,2025-10-17,18:31:12,-07:00,2025-10-17T18:31:12-07:00,0,13
styles.css,164,css,6f115756,jaden,2025-10-17,18:31:12,-07:00,2025-10-17T18:31:12-07:00,1,17
styles.css,165,css,6f115756,jaden,2025-10-17,18:31:12,-07:00,2025-10-17T18:31:12-07:00,1,8
styles.css,166,css,6f115756,jaden,2025-10-17,18:31:12,-07:00,2025-10-17T18:31:12-07:00,1,10
styles.css,167,css,6f115756,jaden,2025-10-17,18:31:12,-07:00,2025-10-17T18:31:12-07:00,1,13
styles.css,168,css,6f115756,jaden,2025-10-17,18:31:12,-07:00,2025-10-17T18:31:12-07:00,1,19
styles.css,169,css,6f115756,jaden,2025-10-17,18:31:12,-07:00,2025-10-17T18:31:12-07:00,0,0
styles.css,170,css,6f115756,jaden,2025-10-17,18:31:12,-07:00,2025-10-17T18:31:12-07:00,0,0
styles.css,171,css,6f115756,jaden,2025-10-17,18:31:12,-07:00,2025-10-17T18:31:12-07:00,0,20
styles.css,172,css,6f115756,jaden,2025-10-17,18:31:12,-07:00,2025-10-17T18:31:12-07:00,1,12
styles.css,173,css,6f115756,jaden,2025-10-17,18:31:12,-07:00,2025-10-17T18:31:12-07:00,0,0
styles.css,174,css,6f115756,jaden,2025-10-17,18:31:12,-07:00,2025-10-17T18:31:12-07:00,0,0
styles.css,175,css,f4e7b8b5,jaden,2025-10-24,21:42:02,-07:00,2025-10-24T21:42:02-07:00,0,0
styles.css,176,css,f4e7b8b5,jaden,2025-10-24,21:42:02,-07:00,2025-10-24T21:42:02-07:00,0,0
styles.css,177,css,f4e7b8b5,jaden,2025-10-24,21:42:02,-07:00,2025-10-24T21:42:02-07:00,0,0
styles.css,178,css,f4e7b8b5,jaden,2025-10-24,21:42:02,-07:00,2025-10-24T21:42:02-07:00,0,14
styles.css,179,css,f4e7b8b5,jaden,2025-10-24,21:42:02,-07:00,2025-10-24T21:42:02-07:00,1,10
styles.css,180,css,f4e7b8b5,jaden,2025-10-24,21:42:02,-07:00,2025-10-24T21:42:02-07:00,1,15
styles.css,181,css,f4e7b8b5,jaden,2025-10-24,21:42:02,-07:00,2025-10-24T21:42:02-07:00,1,16
styles.css,182,css,f4e7b8b5,jaden,2025-10-24,21:42:02,-07:00,2025-10-24T21:42:02-07:00,1,17
styles.css,183,css,f4e7b8b5,jaden,2025-10-24,21:42:02,-07:00,2025-10-24T21:42:02-07:00,1,18
styles.css,184,css,f4e7b8b5,jaden,2025-10-24,21:42:02,-07:00,2025-10-24T21:42:02-07:00,1,58
styles.css,185,css,f4e7b8b5,jaden,2025-10-24,21:42:02,-07:00,2025-10-24T21:42:02-07:00,1,50
styles.css,186,css,f4e7b8b5,jaden,2025-10-24,21:42:02,-07:00,2025-10-24T21:42:02-07:00,1,55
styles.css,187,css,f4e7b8b5,jaden,2025-10-24,21:42:02,-07:00,2025-10-24T21:42:02-07:00,1,61
styles.css,188,css,f4e7b8b5,jaden,2025-10-24,21:42:02,-07:00,2025-10-24T21:42:02-07:00,1,40
styles.css,189,css,f4e7b8b5,jaden,2025-10-24,21:42:02,-07:00,2025-10-24T21:42:02-07:00,1,41
styles.css,190,css,f4e7b8b5,jaden,2025-10-24,21:42:02,-07:00,2025-10-24T21:42:02-07:00,1,17
styles.css,191,css,f4e7b8b5,jaden,2025-10-24,21:42:02,-07:00,2025-10-24T21:42:02-07:00,1,59
styles.css,192,css,f4e7b8b5,jaden,2025-10-24,21:42:02,-07:00,2025-10-24T21:42:02-07:00,0,0
styles.css,193,css,f4e7b8b5,jaden,2025-10-24,21:42:02,-07:00,2025-10-24T21:42:02-07:00,0,0
styles.css,194,css,f4e7b8b5,jaden,2025-10-24,21:42:02,-07:00,2025-10-24T21:42:02-07:00,0,23
styles.css,195,css,f4e7b8b5,jaden,2025-10-24,21:42:02,-07:00,2025-10-24T21:42:02-07:00,0,17
styles.css,196,css,f4e7b8b5,jaden,2025-10-24,21:42:02,-07:00,2025-10-24T21:42:02-07:00,1,18
styles.css,197,css,f4e7b8b5,jaden,2025-10-24,21:42:02,-07:00,2025-10-24T21:42:02-07:00,1,16
styles.css,198,css,f4e7b8b5,jaden,2025-10-24,21:42:02,-07:00,2025-10-24T21:42:02-07:00,0,0
styles.css,199,css,f4e7b8b5,jaden,2025-10-24,21:42:02,-07:00,2025-10-24T21:42:02-07:00,0,0
styles.css,200,css,f4e7b8b5,jaden,2025-10-24,21:42:02,-07:00,2025-10-24T21:42:02-07:00,0,24
styles.css,201,css,f4e7b8b5,jaden,2025-10-24,21:42:02,-07:00,2025-10-24T21:42:02-07:00,0,17
styles.css,202,css,f4e7b8b5,jaden,2025-10-24,21:42:02,-07:00,2025-10-24T21:42:02-07:00,1,12
styles.css,203,css,f4e7b8b5,jaden,2025-10-24,21:42:02,-07:00,2025-10-24T21:42:02-07:00,1,36
styles.css,204,css,f4e7b8b5,jaden,2025-10-24,21:42:02,-07:00,2025-10-24T21:42:02-07:00,1,13
styles.css,205,css,f4e7b8b5,jaden,2025-10-24,21:42:02,-07:00,2025-10-24T21:42:02-07:00,1,27
styles.css,206,css,f4e7b8b5,jaden,2025-10-24,21:42:02,-07:00,2025-10-24T21:42:02-07:00,0,0
styles.css,207,css,f4e7b8b5,jaden,2025-10-24,21:42:02,-07:00,2025-10-24T21:42:02-07:00,0,0
styles.css,208,css,f4e7b8b5,jaden,2025-10-24,21:42:02,-07:00,2025-10-24T21:42:02-07:00,0,47
styles.css,209,css,f4e7b8b5,jaden,2025-10-24,21:42:02,-07:00,2025-10-24T21:42:02-07:00,0,17
styles.css,210,css,f4e7b8b5,jaden,2025-10-24,21:42:02,-07:00,2025-10-24T21:42:02-07:00,1,10
styles.css,211,css,f4e7b8b5,jaden,2025-10-24,21:42:02,-07:00,2025-10-24T21:42:02-07:00,1,16
styles.css,212,css,f4e7b8b5,jaden,2025-10-24,21:42:02,-07:00,2025-10-24T21:42:02-07:00,0,0
styles.css,213,css,f4e7b8b5,jaden,2025-10-24,21:42:02,-07:00,2025-10-24T21:42:02-07:00,0,0
styles.css,214,css,f4e7b8b5,jaden,2025-10-24,21:42:02,-07:00,2025-10-24T21:42:02-07:00,0,17
styles.css,215,css,f4e7b8b5,jaden,2025-10-24,21:42:02,-07:00,2025-10-24T21:42:02-07:00,1,10
styles.css,216,css,f4e7b8b5,jaden,2025-10-24,21:42:02,-07:00,2025-10-24T21:42:02-07:00,1,8
styles.css,217,css,f4e7b8b5,jaden,2025-10-24,21:42:02,-07:00,2025-10-24T21:42:02-07:00,0,0
styles.css,218,css,f4e7b8b5,jaden,2025-10-24,21:42:02,-07:00,2025-10-24T21:42:02-07:00,0,0
styles.css,219,css,f4e7b8b5,jaden,2025-10-24,21:42:02,-07:00,2025-10-24T21:42:02-07:00,0,0
styles.css,220,css,f4e7b8b5,jaden,2025-10-24,21:42:02,-07:00,2025-10-24T21:42:02-07:00,0,0
styles.css,221,css,f4e7b8b5,jaden,2025-10-24,21:42:02,-07:00,2025-10-24T21:42:02-07:00,0,13
styles.css,222,css,f4e7b8b5,jaden,2025-10-24,21:42:02,-07:00,2025-10-24T21:42:02-07:00,0,16
styles.css,223,css,f4e7b8b5,jaden,2025-10-24,21:42:02,-07:00,2025-10-24T21:42:02-07:00,0,16
styles.css,224,css,f4e7b8b5,jaden,2025-10-24,21:42:02,-07:00,2025-10-24T21:42:02-07:00,0,16
styles.css,225,css,f4e7b8b5,jaden,2025-10-24,21:42:02,-07:00,2025-10-24T21:42:02-07:00,0,17
styles.css,226,css,f4e7b8b5,jaden,2025-10-24,21:42:02,-07:00,2025-10-24T21:42:02-07:00,1,33
styles.css,227,css,df269e2e,jaden,2025-10-31,18:38:26,-07:00,2025-10-31T18:38:26-07:00,0,0
styles.css,228,css,df269e2e,jaden,2025-10-31,18:38:26,-07:00,2025-10-31T18:38:26-07:00,0,0
styles.css,229,css,df269e2e,jaden,2025-10-31,18:38:26,-07:00,2025-10-31T18:38:26-07:00,0,0
styles.css,230,css,df269e2e,jaden,2025-10-31,18:38:26,-07:00,2025-10-31T18:38:26-07:00,0,18
styles.css,231,css,df269e2e,jaden,2025-10-31,18:38:26,-07:00,2025-10-31T18:38:26-07:00,1,14
styles.css,232,css,df269e2e,jaden,2025-10-31,18:38:26,-07:00,2025-10-31T18:38:26-07:00,1,16
styles.css,233,css,df269e2e,jaden,2025-10-31,18:38:26,-07:00,2025-10-31T18:38:26-07:00,0,0
styles.css,234,css,df269e2e,jaden,2025-10-31,18:38:26,-07:00,2025-10-31T18:38:26-07:00,1,16
styles.css,235,css,df269e2e,jaden,2025-10-31,18:38:26,-07:00,2025-10-31T18:38:26-07:00,0,0
styles.css,236,css,df269e2e,jaden,2025-10-31,18:38:26,-07:00,2025-10-31T18:38:26-07:00,0,0
styles.css,237,css,df269e2e,jaden,2025-10-31,18:38:26,-07:00,2025-10-31T18:38:26-07:00,0,0
styles.css,238,css,df269e2e,jaden,2025-10-31,18:38:26,-07:00,2025-10-31T18:38:26-07:00,0,0
styles.css,239,css,df269e2e,jaden,2025-10-31,18:38:26,-07:00,2025-10-31T18:38:26-07:00,0,10
styles.css,240,css,df269e2e,jaden,2025-10-31,18:38:26,-07:00,2025-10-31T18:38:26-07:00,1,12
styles.css,241,css,df269e2e,jaden,2025-10-31,18:38:26,-07:00,2025-10-31T18:38:26-07:00,1,8
styles.css,242,css,df269e2e,jaden,2025-10-31,18:38:26,-07:00,2025-10-31T18:38:26-07:00,1,18
styles.css,243,css,df269e2e,jaden,2025-10-31,18:38:26,-07:00,2025-10-31T18:38:26-07:00,0,0
styles.css,244,css,df269e2e,jaden,2025-10-31,18:38:26,-07:00,2025-10-31T18:38:26-07:00,0,0
styles.css,245,css,df269e2e,jaden,2025-10-31,18:38:26,-07:00,2025-10-31T18:38:26-07:00,0,0
styles.css,246,css,df269e2e,jaden,2025-10-31,18:38:26,-07:00,2025-10-31T18:38:26-07:00,0,7
styles.css,247,css,df269e2e,jaden,2025-10-31,18:38:26,-07:00,2025-10-31T18:38:26-07:00,1,15
styles.css,248,css,df269e2e,jaden,2025-10-31,18:38:26,-07:00,2025-10-31T18:38:26-07:00,1,19
styles.css,249,css,df269e2e,jaden,2025-10-31,18:38:26,-07:00,2025-10-31T18:38:26-07:00,1,8
styles.css,250,css,df269e2e,jaden,2025-10-31,18:38:26,-07:00,2025-10-31T18:38:26-07:00,1,0
styles.css,251,css,df269e2e,jaden,2025-10-31,18:38:26,-07:00,2025-10-31T18:38:26-07:00,1,40
styles.css,252,css,df269e2e,jaden,2025-10-31,18:38:26,-07:00,2025-10-31T18:38:26-07:00,1,61
styles.css,253,css,df269e2e,jaden,2025-10-31,18:38:26,-07:00,2025-10-31T18:38:26-07:00,1,57
styles.css,254,css,df269e2e,jaden,2025-10-31,18:38:26,-07:00,2025-10-31T18:38:26-07:00,1,0
styles.css,255,css,df269e2e,jaden,2025-10-31,18:38:26,-07:00,2025-10-31T18:38:26-07:00,1,45
styles.css,256,css,df269e2e,jaden,2025-10-31,18:38:26,-07:00,2025-10-31T18:38:26-07:00,1,21
styles.css,257,css,df269e2e,jaden,2025-10-31,18:38:26,-07:00,2025-10-31T18:38:26-07:00,1,18
styles.css,258,css,df269e2e,jaden,2025-10-31,18:38:26,-07:00,2025-10-31T18:38:26-07:00,1,17
styles.css,259,css,df269e2e,jaden,2025-10-31,18:38:26,-07:00,2025-10-31T18:38:26-07:00,1,59
styles.css,260,css,df269e2e,jaden,2025-10-31,18:38:26,-07:00,2025-10-31T18:38:26-07:00,1,16
styles.css,261,css,df269e2e,jaden,2025-10-31,18:38:26,-07:00,2025-10-31T18:38:26-07:00,1,10
styles.css,262,css,df269e2e,jaden,2025-10-31,18:38:26,-07:00,2025-10-31T18:38:26-07:00,0,0
styles.css,263,css,df269e2e,jaden,2025-10-31,18:38:26,-07:00,2025-10-31T18:38:26-07:00,0,0
styles.css,264,css,df269e2e,jaden,2025-10-31,18:38:26,-07:00,2025-10-31T18:38:26-07:00,0,42
styles.css,265,css,df269e2e,jaden,2025-10-31,18:38:26,-07:00,2025-10-31T18:38:26-07:00,0,12
styles.css,266,css,df269e2e,jaden,2025-10-31,18:38:26,-07:00,2025-10-31T18:38:26-07:00,1,12
styles.css,267,css,df269e2e,jaden,2025-10-31,18:38:26,-07:00,2025-10-31T18:38:26-07:00,1,18
styles.css,268,css,df269e2e,jaden,2025-10-31,18:38:26,-07:00,2025-10-31T18:38:26-07:00,1,10
styles.css,269,css,df269e2e,jaden,2025-10-31,18:38:26,-07:00,2025-10-31T18:38:26-07:00,1,14
styles.css,270,css,df269e2e,jaden,2025-10-31,18:38:26,-07:00,2025-10-31T18:38:26-07:00,1,16
styles.css,271,css,df269e2e,jaden,2025-10-31,18:38:26,-07:00,2025-10-31T18:38:26-07:00,1,0
styles.css,272,css,df269e2e,jaden,2025-10-31,18:38:26,-07:00,2025-10-31T18:38:26-07:00,1,21
styles.css,273,css,df269e2e,jaden,2025-10-31,18:38:26,-07:00,2025-10-31T18:38:26-07:00,1,16
styles.css,274,css,df269e2e,jaden,2025-10-31,18:38:26,-07:00,2025-10-31T18:38:26-07:00,1,21
styles.css,275,css,df269e2e,jaden,2025-10-31,18:38:26,-07:00,2025-10-31T18:38:26-07:00,1,17
styles.css,276,css,df269e2e,jaden,2025-10-31,18:38:26,-07:00,2025-10-31T18:38:26-07:00,1,55
styles.css,277,css,df269e2e,jaden,2025-10-31,18:38:26,-07:00,2025-10-31T18:38:26-07:00,1,37
styles.css,278,css,df269e2e,jaden,2025-10-31,18:38:26,-07:00,2025-10-31T18:38:26-07:00,1,31
styles.css,279,css,df269e2e,jaden,2025-10-31,18:38:26,-07:00,2025-10-31T18:38:26-07:00,0,0
styles.css,280,css,df269e2e,jaden,2025-10-31,18:38:26,-07:00,2025-10-31T18:38:26-07:00,0,0
styles.css,281,css,df269e2e,jaden,2025-10-31,18:38:26,-07:00,2025-10-31T18:38:26-07:00,0,18
styles.css,282,css,df269e2e,jaden,2025-10-31,18:38:26,-07:00,2025-10-31T18:38:26-07:00,1,18
styles.css,283,css,df269e2e,jaden,2025-10-31,18:38:26,-07:00,2025-10-31T18:38:26-07:00,0,0
styles.css,284,css,df269e2e,jaden,2025-10-31,18:38:26,-07:00,2025-10-31T18:38:26-07:00,0,0
styles.css,285,css,df269e2e,jaden,2025-10-31,18:38:26,-07:00,2025-10-31T18:38:26-07:00,0,20
styles.css,286,css,df269e2e,jaden,2025-10-31,18:38:26,-07:00,2025-10-31T18:38:26-07:00,1,20
styles.css,287,css,df269e2e,jaden,2025-10-31,18:38:26,-07:00,2025-10-31T18:38:26-07:00,1,12
styles.css,288,css,df269e2e,jaden,2025-10-31,18:38:26,-07:00,2025-10-31T18:38:26-07:00,1,13
styles.css,289,css,df269e2e,jaden,2025-10-31,18:38:26,-07:00,2025-10-31T18:38:26-07:00,1,18
styles.css,290,css,df269e2e,jaden,2025-10-31,18:38:26,-07:00,2025-10-31T18:38:26-07:00,1,29
styles.css,291,css,df269e2e,jaden,2025-10-31,18:38:26,-07:00,2025-10-31T18:38:26-07:00,1,17
styles.css,292,css,df269e2e,jaden,2025-10-31,18:38:26,-07:00,2025-10-31T18:38:26-07:00,1,34
styles.css,293,css,df269e2e,jaden,2025-10-31,18:38:26,-07:00,2025-10-31T18:38:26-07:00,1,21
styles.css,294,css,df269e2e,jaden,2025-10-31,18:38:26,-07:00,2025-10-31T18:38:26-07:00,0,0
styles.css,295,css,df269e2e,jaden,2025-10-31,18:38:26,-07:00,2025-10-31T18:38:26-07:00,0,0
styles.css,296,css,df269e2e,jaden,2025-10-31,18:38:26,-07:00,2025-10-31T18:38:26-07:00,0,15
styles.css,297,css,df269e2e,jaden,2025-10-31,18:38:26,-07:00,2025-10-31T18:38:26-07:00,1,17
styles.css,298,css,df269e2e,jaden,2025-10-31,18:38:26,-07:00,2025-10-31T18:38:26-07:00,1,10
styles.css,299,css,df269e2e,jaden,2025-10-31,18:38:26,-07:00,2025-10-31T18:38:26-07:00,1,19
styles.css,300,css,df269e2e,jaden,2025-10-31,18:38:26,-07:00,2025-10-31T18:38:26-07:00,1,15
styles.css,301,css,df269e2e,jaden,2025-10-31,18:38:26,-07:00,2025-10-31T18:38:26-07:00,1,17
styles.css,302,css,df269e2e,jaden,2025-10-31,18:38:26,-07:00,2025-10-31T18:38:26-07:00,0,0
styles.css,303,css,df269e2e,jaden,2025-10-31,18:38:26,-07:00,2025-10-31T18:38:26-07:00,0,0
styles.css,304,css,df269e2e,jaden,2025-10-31,18:38:26,-07:00,2025-10-31T18:38:26-07:00,0,0
styles.css,305,css,df269e2e,jaden,2025-10-31,18:38:26,-07:00,2025-10-31T18:38:26-07:00,0,17
styles.css,306,css,df269e2e,jaden,2025-10-31,18:38:26,-07:00,2025-10-31T18:38:26-07:00,1,10
styles.css,307,css,df269e2e,jaden,2025-10-31,18:38:26,-07:00,2025-10-31T18:38:26-07:00,1,15
styles.css,308,css,df269e2e,jaden,2025-10-31,18:38:26,-07:00,2025-10-31T18:38:26-07:00,1,16
styles.css,309,css,df269e2e,jaden,2025-10-31,18:38:26,-07:00,2025-10-31T18:38:26-07:00,0,0
styles.css,310,css,df269e2e,jaden,2025-10-31,18:38:26,-07:00,2025-10-31T18:38:26-07:00,0,0
styles.css,311,css,df269e2e,jaden,2025-10-31,18:38:26,-07:00,2025-10-31T18:38:26-07:00,0,10
styles.css,312,css,df269e2e,jaden,2025-10-31,18:38:26,-07:00,2025-10-31T18:38:26-07:00,1,10
styles.css,313,css,df269e2e,jaden,2025-10-31,18:38:26,-07:00,2025-10-31T18:38:26-07:00,1,19
styles.css,314,css,df269e2e,jaden,2025-10-31,18:38:26,-07:00,2025-10-31T18:38:26-07:00,1,14
styles.css,315,css,df269e2e,jaden,2025-10-31,18:38:26,-07:00,2025-10-31T18:38:26-07:00,1,21
styles.css,316,css,df269e2e,jaden,2025-10-31,18:38:26,-07:00,2025-10-31T18:38:26-07:00,1,17
styles.css,317,css,df269e2e,jaden,2025-10-31,18:38:26,-07:00,2025-10-31T18:38:26-07:00,1,21
styles.css,318,css,df269e2e,jaden,2025-10-31,18:38:26,-07:00,2025-10-31T18:38:26-07:00,0,0
styles.css,319,css,df269e2e,jaden,2025-10-31,18:38:26,-07:00,2025-10-31T18:38:26-07:00,0,0
styles.css,320,css,df269e2e,jaden,2025-10-31,18:38:26,-07:00,2025-10-31T18:38:26-07:00,0,27
styles.css,321,css,df269e2e,jaden,2025-10-31,18:38:26,-07:00,2025-10-31T18:38:26-07:00,0,18
styles.css,322,css,df269e2e,jaden,2025-10-31,18:38:26,-07:00,2025-10-31T18:38:26-07:00,1,16
styles.css,323,css,df269e2e,jaden,2025-10-31,18:38:26,-07:00,2025-10-31T18:38:26-07:00,0,0
styles.css,324,css,df269e2e,jaden,2025-10-31,18:38:26,-07:00,2025-10-31T18:38:26-07:00,0,0
styles.css,325,css,df269e2e,jaden,2025-10-31,18:38:26,-07:00,2025-10-31T18:38:26-07:00,0,23
styles.css,326,css,df269e2e,jaden,2025-10-31,18:38:26,-07:00,2025-10-31T18:38:26-07:00,1,16
styles.css,327,css,df269e2e,jaden,2025-10-31,18:38:26,-07:00,2025-10-31T18:38:26-07:00,1,14
styles.css,328,css,df269e2e,jaden,2025-10-31,18:38:26,-07:00,2025-10-31T18:38:26-07:00,0,0
styles.css,329,css,df269e2e,jaden,2025-10-31,18:38:26,-07:00,2025-10-31T18:38:26-07:00,0,0
styles.css,330,css,df269e2e,jaden,2025-10-31,18:38:26,-07:00,2025-10-31T18:38:26-07:00,0,34
styles.css,331,css,df269e2e,jaden,2025-10-31,18:38:26,-07:00,2025-10-31T18:38:26-07:00,1,16
styles.css,332,css,df269e2e,jaden,2025-10-31,18:38:26,-07:00,2025-10-31T18:38:26-07:00,2,11
styles.css,333,css,df269e2e,jaden,2025-10-31,18:38:26,-07:00,2025-10-31T18:38:26-07:00,1,0
styles.css,334,css,df269e2e,jaden,2025-10-31,18:38:26,-07:00,2025-10-31T18:38:26-07:00,0,0
styles.css,335,css,df269e2e,jaden,2025-10-31,18:38:26,-07:00,2025-10-31T18:38:26-07:00,0,0
styles.css,336,css,df269e2e,jaden,2025-10-31,18:38:26,-07:00,2025-10-31T18:38:26-07:00,0,9
styles.css,337,css,df269e2e,jaden,2025-10-31,18:38:26,-07:00,2025-10-31T18:38:26-07:00,1,35
styles.css,338,css,df269e2e,jaden,2025-10-31,18:38:26,-07:00,2025-10-31T18:38:26-07:00,0,0
styles.css,339,css,df269e2e,jaden,2025-10-31,18:38:26,-07:00,2025-10-31T18:38:26-07:00,0,0
styles.css,340,css,df269e2e,jaden,2025-10-31,18:38:26,-07:00,2025-10-31T18:38:26-07:00,0,18
styles.css,341,css,df269e2e,jaden,2025-10-31,18:38:26,-07:00,2025-10-31T18:38:26-07:00,1,17
styles.css,342,css,df269e2e,jaden,2025-10-31,18:38:26,-07:00,2025-10-31T18:38:26-07:00,0,0
styles.css,343,css,df269e2e,jaden,2025-10-31,18:38:26,-07:00,2025-10-31T18:38:26-07:00,0,0
styles.css,344,css,df269e2e,jaden,2025-10-31,18:38:26,-07:00,2025-10-31T18:38:26-07:00,0,17
styles.css,345,css,df269e2e,jaden,2025-10-31,18:38:26,-07:00,2025-10-31T18:38:26-07:00,1,40
styles.css,346,css,00000000,Not Committed Yet,2025-11-08,20:10:37,-08:00,2025-11-08T20:10:37-08:00,0,0
styles.css,347,css,00000000,Not Committed Yet,2025-11-08,20:10:37,-08:00,2025-11-08T20:10:37-08:00,0,0
styles.css,348,css,00000000,Not Committed Yet,2025-11-08,20:10:37,-08:00,2025-11-08T20:10:37-08:00,0,31
styles.css,349,css,00000000,Not Committed Yet,2025-11-08,20:10:37,-08:00,2025-11-08T20:10:37-08:00,0,6
styles.css,350,css,00000000,Not Committed Yet,2025-11-08,20:10:37,-08:00,2025-11-08T20:10:37-08:00,1,12
styles.css,351,css,00000000,Not Committed Yet,2025-11-08,20:10:37,-08:00,2025-11-08T20:10:37-08:00,1,36
styles.css,352,css,00000000,Not Committed Yet,2025-11-08,20:10:37,-08:00,2025-11-08T20:10:37-08:00,1,13
styles.css,353,css,00000000,Not Committed Yet,2025-11-08,20:10:37,-08:00,2025-11-08T20:10:37-08:00,1,13
styles.css,354,css,00000000,Not Committed Yet,2025-11-08,20:10:37,-08:00,2025-11-08T20:10:37-08:00,0,0
styles.css,355,css,00000000,Not Committed Yet,2025-11-08,20:10:37,-08:00,2025-11-08T20:10:37-08:00,0,0
styles.css,356,css,00000000,Not Committed Yet,2025-11-08,20:10:37,-08:00,2025-11-08T20:10:37-08:00,0,9
styles.css,357,css,00000000,Not Committed Yet,2025-11-08,20:10:37,-08:00,2025-11-08T20:10:37-08:00,1,10
styles.css,358,css,00000000,Not Committed Yet,2025-11-08,20:10:37,-08:00,2025-11-08T20:10:37-08:00,1,16
styles.css,359,css,00000000,Not Committed Yet,2025-11-08,20:10:37,-08:00,2025-11-08T20:10:37-08:00,0,0
styles.css,360,css,00000000,Not Committed Yet,2025-11-08,20:10:37,-08:00,2025-11-08T20:10:37-08:00,0,0
styles.css,361,css,00000000,Not Committed Yet,2025-11-08,20:10:37,-08:00,2025-11-08T20:10:37-08:00,0,9
styles.css,362,css,00000000,Not Committed Yet,2025-11-08,20:10:37,-08:00,2025-11-08T20:10:37-08:00,1,10
styles.css,363,css,00000000,Not Committed Yet,2025-11-08,20:10:37,-08:00,2025-11-08T20:10:37-08:00,1,8
styles.css,364,css,00000000,Not Committed Yet,2025-11-08,20:10:37,-08:00,2025-11-08T20:10:37-08:00,0,0
styles.css,365,css,00000000,Not Committed Yet,2025-11-08,20:10:37,-08:00,2025-11-08T20:10:37-08:00,0,0
styles.css,366,css,00000000,Not Committed Yet,2025-11-08,20:10:37,-08:00,2025-11-08T20:10:37-08:00,0,11
styles.css,367,css,00000000,Not Committed Yet,2025-11-08,20:10:37,-08:00,2025-11-08T20:10:37-08:00,1,25
styles.css,368,css,00000000,Not Committed Yet,2025-11-08,20:10:37,-08:00,2025-11-08T20:10:37-08:00,1,28
styles.css,369,css,00000000,Not Committed Yet,2025-11-08,20:10:37,-08:00,2025-11-08T20:10:37-08:00,1,11
styles.css,370,css,f4e7b8b5,jaden,2025-10-24,21:42:02,-07:00,2025-10-24T21:42:02-07:00,0,0
index.js,1,js,f4e7b8b5,jaden,2025-10-24,21:42:02,-07:00,2025-10-24T21:42:02-07:00,0,71
index.js,2,js,f4e7b8b5,jaden,2025-10-24,21:42:02,-07:00,2025-10-24T21:42:02-07:00,0,0
index.js,3,js,f4e7b8b5,jaden,2025-10-24,21:42:02,-07:00,2025-10-24T21:42:02-07:00,0,0
index.js,4,js,f4e7b8b5,jaden,2025-10-24,21:42:02,-07:00,2025-10-24T21:42:02-07:00,0,0
index.js,5,js,f4e7b8b5,jaden,2025-10-24,21:42:02,-07:00,2025-10-24T21:42:02-07:00,0,20
index.js,6,js,f4e7b8b5,jaden,2025-10-24,21:42:02,-07:00,2025-10-24T21:42:02-07:00,0,54
index.js,7,js,f4e7b8b5,jaden,2025-10-24,21:42:02,-07:00,2025-10-24T21:42:02-07:00,0,42
index.js,8,js,f4e7b8b5,jaden,2025-10-24,21:42:02,-07:00,2025-10-24T21:42:02-07:00,0,60
index.js,9,js,f4e7b8b5,jaden,2025-10-24,21:42:02,-07:00,2025-10-24T21:42:02-07:00,0,0
index.js,10,js,f4e7b8b5,jaden,2025-10-24,21:42:02,-07:00,2025-10-24T21:42:02-07:00,0,18
index.js,11,js,f4e7b8b5,jaden,2025-10-24,21:42:02,-07:00,2025-10-24T21:42:02-07:00,0,50
index.js,12,js,f4e7b8b5,jaden,2025-10-24,21:42:02,-07:00,2025-10-24T21:42:02-07:00,0,38
index.js,13,js,f4e7b8b5,jaden,2025-10-24,21:42:02,-07:00,2025-10-24T21:42:02-07:00,0,0
index.js,14,js,f4e7b8b5,jaden,2025-10-24,21:42:02,-07:00,2025-10-24T21:42:02-07:00,0,27
index.js,15,js,f4e7b8b5,jaden,2025-10-24,21:42:02,-07:00,2025-10-24T21:42:02-07:00,0,54
index.js,16,js,f4e7b8b5,jaden,2025-10-24,21:42:02,-07:00,2025-10-24T21:42:02-07:00,0,0
index.js,17,js,f4e7b8b5,jaden,2025-10-24,21:42:02,-07:00,2025-10-24T21:42:02-07:00,0,60
index.js,18,js,f4e7b8b5,jaden,2025-10-24,21:42:02,-07:00,2025-10-24T21:42:02-07:00,0,17
index.js,19,js,f4e7b8b5,jaden,2025-10-24,21:42:02,-07:00,2025-10-24T21:42:02-07:00,1,24
index.js,20,js,f4e7b8b5,jaden,2025-10-24,21:42:02,-07:00,2025-10-24T21:42:02-07:00,4,2
index.js,21,js,f4e7b8b5,jaden,2025-10-24,21:42:02,-07:00,2025-10-24T21:42:02-07:00,5,55
index.js,22,js,f4e7b8b5,jaden,2025-10-24,21:42:02,-07:00,2025-10-24T21:42:02-07:00,5,55
index.js,23,js,f4e7b8b5,jaden,2025-10-24,21:42:02,-07:00,2025-10-24T21:42:02-07:00,5,49
index.js,24,js,f4e7b8b5,jaden,2025-10-24,21:42:02,-07:00,2025-10-24T21:42:02-07:00,5,49
index.js,25,js,f4e7b8b5,jaden,2025-10-24,21:42:02,-07:00,2025-10-24T21:42:02-07:00,4,3
index.js,26,js,f4e7b8b5,jaden,2025-10-24,21:42:02,-07:00,2025-10-24T21:42:02-07:00,2,0
index.js,27,js,f4e7b8b5,jaden,2025-10-24,21:42:02,-07:00,2025-10-24T21:42:02-07:00,0,0
index.js,28,js,f4e7b8b5,jaden,2025-10-24,21:42:02,-07:00,2025-10-24T21:42:02-07:00,0,0
index.js,29,js,f4e7b8b5,jaden,2025-10-24,21:42:02,-07:00,2025-10-24T21:42:02-07:00,0,0
index.js,30,js,f4e7b8b5,jaden,2025-10-24,21:42:02,-07:00,2025-10-24T21:42:02-07:00,0,0
index.js,31,js,f4e7b8b5,jaden,2025-10-24,21:42:02,-07:00,2025-10-24T21:42:02-07:00,0,0
index.js,32,js,f4e7b8b5,jaden,2025-10-24,21:42:02,-07:00,2025-10-24T21:42:02-07:00,0,0
index.html,1,html,230a9925,golkelj,2025-04-17,19:53:20,-07:00,2025-04-17T19:53:20-07:00,0,13
index.html,2,html,230a9925,golkelj,2025-04-17,19:53:20,-07:00,2025-04-17T19:53:20-07:00,0,14
index.html,3,html,230a9925,golkelj,2025-04-17,19:53:20,-07:00,2025-04-17T19:53:20-07:00,0,4
index.html,4,html,230a9925,golkelj,2025-04-17,19:53:20,-07:00,2025-04-17T19:53:20-07:00,1,22
index.html,5,html,230a9925,golkelj,2025-04-17,19:53:20,-07:00,2025-04-17T19:53:20-07:00,1,70
index.html,6,html,2cbdc487,jaden,2025-10-03,16:17:03,-07:00,2025-10-03T16:17:03-07:00,1,55
index.html,7,html,21b3f26f,jaden,2025-10-10,22:56:12,-07:00,2025-10-10T22:56:12-07:00,1,42
index.html,8,html,21b3f26f,jaden,2025-10-10,22:56:12,-07:00,2025-10-10T22:56:12-07:00,1,0
index.html,9,html,230a9925,golkelj,2025-04-17,19:53:20,-07:00,2025-04-17T19:53:20-07:00,0,5
index.html,10,html,230a9925,golkelj,2025-04-17,19:53:20,-07:00,2025-04-17T19:53:20-07:00,0,4
index.html,11,html,230a9925,golkelj,2025-04-17,19:53:20,-07:00,2025-04-17T19:53:20-07:00,0,0
index.html,12,html,2cbdc487,jaden,2025-10-03,16:17:03,-07:00,2025-10-03T16:17:03-07:00,0,0
index.html,13,html,230a9925,golkelj,2025-04-17,19:53:20,-07:00,2025-04-17T19:53:20-07:00,0,0
index.html,14,html,230a9925,golkelj,2025-04-17,19:53:20,-07:00,2025-04-17T19:53:20-07:00,0,0
index.html,15,html,fcaaac15,jaden,2025-10-10,22:52:35,-07:00,2025-10-10T22:52:35-07:00,0,21
index.html,16,html,230a9925,golkelj,2025-04-17,19:53:20,-07:00,2025-04-17T19:53:20-07:00,0,0
index.html,17,html,230a9925,golkelj,2025-04-17,19:53:20,-07:00,2025-04-17T19:53:20-07:00,0,0
index.html,18,html,fcaaac15,jaden,2025-10-10,22:52:35,-07:00,2025-10-10T22:52:35-07:00,4,0
index.html,19,html,230a9925,golkelj,2025-04-17,19:53:20,-07:00,2025-04-17T19:53:20-07:00,3,4
index.html,20,html,2cbdc487,jaden,2025-10-03,16:17:03,-07:00,2025-10-03T16:17:03-07:00,3,78
index.html,21,html,35968482,jaden,2025-10-03,11:26:30,-07:00,2025-10-03T11:26:30-07:00,3,4
index.html,22,html,230a9925,golkelj,2025-04-17,19:53:20,-07:00,2025-04-17T19:53:20-07:00,0,0
index.html,23,html,fcaaac15,jaden,2025-10-10,22:52:35,-07:00,2025-10-10T22:52:35-07:00,3,1
index.html,24,html,fcaaac15,jaden,2025-10-10,22:52:35,-07:00,2025-10-10T22:52:35-07:00,5,66
index.html,25,html,230a9925,golkelj,2025-04-17,19:53:20,-07:00,2025-04-17T19:53:20-07:00,4,2
index.html,26,html,f4e7b8b5,jaden,2025-10-24,21:42:02,-07:00,2025-10-24T21:42:02-07:00,0,0
index.html,27,html,f4e7b8b5,jaden,2025-10-24,21:42:02,-07:00,2025-10-24T21:42:02-07:00,0,0
index.html,28,html,f4e7b8b5,jaden,2025-10-24,21:42:02,-07:00,2025-10-24T21:42:02-07:00,2,0
index.html,29,html,f4e7b8b5,jaden,2025-10-24,21:42:02,-07:00,2025-10-24T21:42:02-07:00,3,22
index.html,30,html,f4e7b8b5,jaden,2025-10-24,21:42:02,-07:00,2025-10-24T21:42:02-07:00,4,20
index.html,31,html,f4e7b8b5,jaden,2025-10-24,21:42:02,-07:00,2025-10-24T21:42:02-07:00,5,49
index.html,32,html,f4e7b8b5,jaden,2025-10-24,21:42:02,-07:00,2025-10-24T21:42:02-07:00,4,4
index.html,33,html,f4e7b8b5,jaden,2025-10-24,21:42:02,-07:00,2025-10-24T21:42:02-07:00,0,0
index.html,34,html,f4e7b8b5,jaden,2025-10-24,21:42:02,-07:00,2025-10-24T21:42:02-07:00,0,0
index.html,35,html,f4e7b8b5,jaden,2025-10-24,21:42:02,-07:00,2025-10-24T21:42:02-07:00,3,39
index.html,36,html,f4e7b8b5,jaden,2025-10-24,21:42:02,-07:00,2025-10-24T21:42:02-07:00,1,27
index.html,37,html,f4e7b8b5,jaden,2025-10-24,21:42:02,-07:00,2025-10-24T21:42:02-07:00,1,63
index.html,38,html,f4e7b8b5,jaden,2025-10-24,21:42:02,-07:00,2025-10-24T21:42:02-07:00,0,4
index.html,39,html,f4e7b8b5,jaden,2025-10-24,21:42:02,-07:00,2025-10-24T21:42:02-07:00,0,0
index.html,40,html,f4e7b8b5,jaden,2025-10-24,21:42:02,-07:00,2025-10-24T21:42:02-07:00,3,0
index.html,41,html,fcaaac15,jaden,2025-10-10,22:52:35,-07:00,2025-10-10T22:52:35-07:00,1,0
index.html,42,html,fcaaac15,jaden,2025-10-10,22:52:35,-07:00,2025-10-10T22:52:35-07:00,1,0
index.html,43,html,230a9925,golkelj,2025-04-17,19:53:20,-07:00,2025-04-17T19:53:20-07:00,0,0
index.html,44,html,d85da2e7,jaden,2025-10-03,11:19:29,-07:00,2025-10-03T11:19:29-07:00,0,0
index.html,45,html,d85da2e7,jaden,2025-10-03,11:19:29,-07:00,2025-10-03T11:19:29-07:00,0,0
index.html,46,html,d85da2e7,jaden,2025-10-03,11:19:29,-07:00,2025-10-03T11:19:29-07:00,0,0
index.html,47,html,230a9925,golkelj,2025-04-17,19:53:20,-07:00,2025-04-17T19:53:20-07:00,0,0
index.html,48,html,230a9925,golkelj,2025-04-17,19:53:20,-07:00,2025-04-17T19:53:20-07:00,0,0
index.html,49,html,6f115756,jaden,2025-10-17,18:31:12,-07:00,2025-10-17T18:31:12-07:00,4,45
index.html,50,html,f4e7b8b5,jaden,2025-10-24,21:42:02,-07:00,2025-10-24T21:42:02-07:00,4,44
index.html,51,html,230a9925,golkelj,2025-04-17,19:53:20,-07:00,2025-04-17T19:53:20-07:00,0,5
index.html,52,html,230a9925,golkelj,2025-04-17,19:53:20,-07:00,2025-04-17T19:53:20-07:00,0,5
global.js,1,js,6f115756,jaden,2025-10-17,18:31:12,-07:00,2025-10-17T18:31:12-07:00,0,25
global.js,2,js,6f115756,jaden,2025-10-17,18:31:12,-07:00,2025-10-17T18:31:12-07:00,0,0
global.js,3,js,6f115756,jaden,2025-10-17,18:31:12,-07:00,2025-10-17T18:31:12-07:00,0,41
global.js,4,js,6f115756,jaden,2025-10-17,18:31:12,-07:00,2025-10-17T18:31:12-07:00,1,52
global.js,5,js,6f115756,jaden,2025-10-17,18:31:12,-07:00,2025-10-17T18:31:12-07:00,0,0
global.js,6,js,6f115756,jaden,2025-10-17,18:31:12,-07:00,2025-10-17T18:31:12-07:00,0,0
global.js,7,js,6f115756,jaden,2025-10-17,18:31:12,-07:00,2025-10-17T18:31:12-07:00,0,71
global.js,8,js,6f115756,jaden,2025-10-17,18:31:12,-07:00,2025-10-17T18:31:12-07:00,0,28
global.js,9,js,6f115756,jaden,2025-10-17,18:31:12,-07:00,2025-10-17T18:31:12-07:00,0,30
global.js,10,js,6f115756,jaden,2025-10-17,18:31:12,-07:00,2025-10-17T18:31:12-07:00,0,0
global.js,11,js,6f115756,jaden,2025-10-17,18:31:12,-07:00,2025-10-17T18:31:12-07:00,0,37
global.js,12,js,6f115756,jaden,2025-10-17,18:31:12,-07:00,2025-10-17T18:31:12-07:00,0,35
global.js,13,js,6f115756,jaden,2025-10-17,18:31:12,-07:00,2025-10-17T18:31:12-07:00,0,71
global.js,14,js,6f115756,jaden,2025-10-17,18:31:12,-07:00,2025-10-17T18:31:12-07:00,0,3
global.js,15,js,6f115756,jaden,2025-10-17,18:31:12,-07:00,2025-10-17T18:31:12-07:00,0,0
global.js,16,js,6f115756,jaden,2025-10-17,18:31:12,-07:00,2025-10-17T18:31:12-07:00,0,50
global.js,17,js,6f115756,jaden,2025-10-17,18:31:12,-07:00,2025-10-17T18:31:12-07:00,0,39
global.js,18,js,6f115756,jaden,2025-10-17,18:31:12,-07:00,2025-10-17T18:31:12-07:00,0,0
global.js,19,js,6f115756,jaden,2025-10-17,18:31:12,-07:00,2025-10-17T18:31:12-07:00,0,34
global.js,20,js,6f115756,jaden,2025-10-17,18:31:12,-07:00,2025-10-17T18:31:12-07:00,0,11
global.js,21,js,6f115756,jaden,2025-10-17,18:31:12,-07:00,2025-10-17T18:31:12-07:00,1,25
global.js,22,js,6f115756,jaden,2025-10-17,18:31:12,-07:00,2025-10-17T18:31:12-07:00,1,39
global.js,23,js,6f115756,jaden,2025-10-17,18:31:12,-07:00,2025-10-17T18:31:12-07:00,1,38
global.js,24,js,6f115756,jaden,2025-10-17,18:31:12,-07:00,2025-10-17T18:31:12-07:00,1,37
global.js,25,js,00000000,Not Committed Yet,2025-11-08,20:10:37,-08:00,2025-11-08T20:10:37-08:00,1,30
global.js,26,js,6f115756,jaden,2025-10-17,18:31:12,-07:00,2025-10-17T18:31:12-07:00,1,53
global.js,27,js,6f115756,jaden,2025-10-17,18:31:12,-07:00,2025-10-17T18:31:12-07:00,1,68
global.js,28,js,6f115756,jaden,2025-10-17,18:31:12,-07:00,2025-10-17T18:31:12-07:00,0,0
global.js,29,js,6f115756,jaden,2025-10-17,18:31:12,-07:00,2025-10-17T18:31:12-07:00,0,0
global.js,30,js,6f115756,jaden,2025-10-17,18:31:12,-07:00,2025-10-17T18:31:12-07:00,0,26
global.js,31,js,6f115756,jaden,2025-10-17,18:31:12,-07:00,2025-10-17T18:31:12-07:00,0,38
global.js,32,js,6f115756,jaden,2025-10-17,18:31:12,-07:00,2025-10-17T18:31:12-07:00,0,36
global.js,33,js,6f115756,jaden,2025-10-17,18:31:12,-07:00,2025-10-17T18:31:12-07:00,0,25
global.js,34,js,6f115756,jaden,2025-10-17,18:31:12,-07:00,2025-10-17T18:31:12-07:00,0,18
global.js,35,js,6f115756,jaden,2025-10-17,18:31:12,-07:00,2025-10-17T18:31:12-07:00,0,25
global.js,36,js,6f115756,jaden,2025-10-17,18:31:12,-07:00,2025-10-17T18:31:12-07:00,0,0
global.js,37,js,6f115756,jaden,2025-10-17,18:31:12,-07:00,2025-10-17T18:31:12-07:00,0,46
global.js,38,js,6f115756,jaden,2025-10-17,18:31:12,-07:00,2025-10-17T18:31:12-07:00,0,88
global.js,39,js,6f115756,jaden,2025-10-17,18:31:12,-07:00,2025-10-17T18:31:12-07:00,1,36
global.js,40,js,87040339,jaden,2025-10-17,19:37:21,-07:00,2025-10-17T19:37:21-07:00,1,4
global.js,41,js,6f115756,jaden,2025-10-17,18:31:12,-07:00,2025-10-17T18:31:12-07:00,0,0
global.js,42,js,6f115756,jaden,2025-10-17,18:31:12,-07:00,2025-10-17T18:31:12-07:00,0,21
global.js,43,js,6f115756,jaden,2025-10-17,18:31:12,-07:00,2025-10-17T18:31:12-07:00,0,20
global.js,44,js,6f115756,jaden,2025-10-17,18:31:12,-07:00,2025-10-17T18:31:12-07:00,1,14
global.js,45,js,6f115756,jaden,2025-10-17,18:31:12,-07:00,2025-10-17T18:31:12-07:00,1,18
global.js,46,js,6f115756,jaden,2025-10-17,18:31:12,-07:00,2025-10-17T18:31:12-07:00,1,0
global.js,47,js,6f115756,jaden,2025-10-17,18:31:12,-07:00,2025-10-17T18:31:12-07:00,1,37
global.js,48,js,6f115756,jaden,2025-10-17,18:31:12,-07:00,2025-10-17T18:31:12-07:00,1,28
global.js,49,js,6f115756,jaden,2025-10-17,18:31:12,-07:00,2025-10-17T18:31:12-07:00,2,20
global.js,50,js,6f115756,jaden,2025-10-17,18:31:12,-07:00,2025-10-17T18:31:12-07:00,1,0
global.js,51,js,6f115756,jaden,2025-10-17,18:31:12,-07:00,2025-10-17T18:31:12-07:00,1,0
global.js,52,js,6f115756,jaden,2025-10-17,18:31:12,-07:00,2025-10-17T18:31:12-07:00,1,20
global.js,53,js,6f115756,jaden,2025-10-17,18:31:12,-07:00,2025-10-17T18:31:12-07:00,1,34
global.js,54,js,6f115756,jaden,2025-10-17,18:31:12,-07:00,2025-10-17T18:31:12-07:00,1,11
global.js,55,js,6f115756,jaden,2025-10-17,18:31:12,-07:00,2025-10-17T18:31:12-07:00,1,20
global.js,56,js,6f115756,jaden,2025-10-17,18:31:12,-07:00,2025-10-17T18:31:12-07:00,1,0
global.js,57,js,6f115756,jaden,2025-10-17,18:31:12,-07:00,2025-10-17T18:31:12-07:00,1,46
global.js,58,js,6f115756,jaden,2025-10-17,18:31:12,-07:00,2025-10-17T18:31:12-07:00,1,17
global.js,59,js,6f115756,jaden,2025-10-17,18:31:12,-07:00,2025-10-17T18:31:12-07:00,2,8
global.js,60,js,6f115756,jaden,2025-10-17,18:31:12,-07:00,2025-10-17T18:31:12-07:00,2,59
global.js,61,js,6f115756,jaden,2025-10-17,18:31:12,-07:00,2025-10-17T18:31:12-07:00,1,0
global.js,62,js,6f115756,jaden,2025-10-17,18:31:12,-07:00,2025-10-17T18:31:12-07:00,1,0
global.js,63,js,6f115756,jaden,2025-10-17,18:31:12,-07:00,2025-10-17T18:31:12-07:00,1,39
global.js,64,js,6f115756,jaden,2025-10-17,18:31:12,-07:00,2025-10-17T18:31:12-07:00,1,29
global.js,65,js,6f115756,jaden,2025-10-17,18:31:12,-07:00,2025-10-17T18:31:12-07:00,2,18
global.js,66,js,6f115756,jaden,2025-10-17,18:31:12,-07:00,2025-10-17T18:31:12-07:00,2,28
global.js,67,js,6f115756,jaden,2025-10-17,18:31:12,-07:00,2025-10-17T18:31:12-07:00,1,0
global.js,68,js,6f115756,jaden,2025-10-17,18:31:12,-07:00,2025-10-17T18:31:12-07:00,1,0
global.js,69,js,6f115756,jaden,2025-10-17,18:31:12,-07:00,2025-10-17T18:31:12-07:00,1,30
global.js,70,js,6f115756,jaden,2025-10-17,18:31:12,-07:00,2025-10-17T18:31:12-07:00,1,36
global.js,71,js,6f115756,jaden,2025-10-17,18:31:12,-07:00,2025-10-17T18:31:12-07:00,1,16
global.js,72,js,6f115756,jaden,2025-10-17,18:31:12,-07:00,2025-10-17T18:31:12-07:00,1,17
global.js,73,js,6f115756,jaden,2025-10-17,18:31:12,-07:00,2025-10-17T18:31:12-07:00,0,0
global.js,74,js,6f115756,jaden,2025-10-17,18:31:12,-07:00,2025-10-17T18:31:12-07:00,0,0
global.js,75,js,6f115756,jaden,2025-10-17,18:31:12,-07:00,2025-10-17T18:31:12-07:00,0,33
global.js,76,js,6f115756,jaden,2025-10-17,18:31:12,-07:00,2025-10-17T18:31:12-07:00,0,24
global.js,77,js,6f115756,jaden,2025-10-17,18:31:12,-07:00,2025-10-17T18:31:12-07:00,0,31
global.js,78,js,6f115756,jaden,2025-10-17,18:31:12,-07:00,2025-10-17T18:31:12-07:00,1,11
global.js,79,js,6f115756,jaden,2025-10-17,18:31:12,-07:00,2025-10-17T18:31:12-07:00,1,0
global.js,80,js,6f115756,jaden,2025-10-17,18:31:12,-07:00,2025-10-17T18:31:12-07:00,0,26
global.js,81,js,6f115756,jaden,2025-10-17,18:31:12,-07:00,2025-10-17T18:31:12-07:00,0,4
global.js,82,js,6f115756,jaden,2025-10-17,18:31:12,-07:00,2025-10-17T18:31:12-07:00,0,6
global.js,83,js,6f115756,jaden,2025-10-17,18:31:12,-07:00,2025-10-17T18:31:12-07:00,0,43
global.js,84,js,6f115756,jaden,2025-10-17,18:31:12,-07:00,2025-10-17T18:31:12-07:00,0,34
global.js,85,js,6f115756,jaden,2025-10-17,18:31:12,-07:00,2025-10-17T18:31:12-07:00,0,32
global.js,86,js,6f115756,jaden,2025-10-17,18:31:12,-07:00,2025-10-17T18:31:12-07:00,0,7
global.js,87,js,6f115756,jaden,2025-10-17,18:31:12,-07:00,2025-10-17T18:31:12-07:00,0,8
global.js,88,js,6f115756,jaden,2025-10-17,18:31:12,-07:00,2025-10-17T18:31:12-07:00,0,0
global.js,89,js,6f115756,jaden,2025-10-17,18:31:12,-07:00,2025-10-17T18:31:12-07:00,0,0
global.js,90,js,6f115756,jaden,2025-10-17,18:31:12,-07:00,2025-10-17T18:31:12-07:00,0,36
global.js,91,js,6f115756,jaden,2025-10-17,18:31:12,-07:00,2025-10-17T18:31:12-07:00,0,60
global.js,92,js,6f115756,jaden,2025-10-17,18:31:12,-07:00,2025-10-17T18:31:12-07:00,0,0
global.js,93,js,6f115756,jaden,2025-10-17,18:31:12,-07:00,2025-10-17T18:31:12-07:00,0,37
global.js,94,js,6f115756,jaden,2025-10-17,18:31:12,-07:00,2025-10-17T18:31:12-07:00,0,49
global.js,95,js,6f115756,jaden,2025-10-17,18:31:12,-07:00,2025-10-17T18:31:12-07:00,1,57
global.js,96,js,6f115756,jaden,2025-10-17,18:31:12,-07:00,2025-10-17T18:31:12-07:00,1,50
global.js,97,js,6f115756,jaden,2025-10-17,18:31:12,-07:00,2025-10-17T18:31:12-07:00,1,77
global.js,98,js,6f115756,jaden,2025-10-17,18:31:12,-07:00,2025-10-17T18:31:12-07:00,1,32
global.js,99,js,6f115756,jaden,2025-10-17,18:31:12,-07:00,2025-10-17T18:31:12-07:00,1,44
global.js,100,js,6f115756,jaden,2025-10-17,18:31:12,-07:00,2025-10-17T18:31:12-07:00,0,1
global.js,101,js,6f115756,jaden,2025-10-17,18:31:12,-07:00,2025-10-17T18:31:12-07:00,0,0
global.js,102,js,6f115756,jaden,2025-10-17,18:31:12,-07:00,2025-10-17T18:31:12-07:00,0,35
global.js,103,js,6f115756,jaden,2025-10-17,18:31:12,-07:00,2025-10-17T18:31:12-07:00,0,34
global.js,104,js,6f115756,jaden,2025-10-17,18:31:12,-07:00,2025-10-17T18:31:12-07:00,1,83
global.js,105,js,6f115756,jaden,2025-10-17,18:31:12,-07:00,2025-10-17T18:31:12-07:00,1,38
global.js,106,js,f4e7b8b5,jaden,2025-10-24,21:42:02,-07:00,2025-10-24T21:42:02-07:00,0,0
global.js,107,js,f4e7b8b5,jaden,2025-10-24,21:42:02,-07:00,2025-10-24T21:42:02-07:00,0,0
global.js,108,js,f4e7b8b5,jaden,2025-10-24,21:42:02,-07:00,2025-10-24T21:42:02-07:00,0,0
global.js,109,js,f4e7b8b5,jaden,2025-10-24,21:42:02,-07:00,2025-10-24T21:42:02-07:00,0,0
global.js,110,js,f4e7b8b5,jaden,2025-10-24,21:42:02,-07:00,2025-10-24T21:42:02-07:00,0,36
global.js,111,js,f4e7b8b5,jaden,2025-10-24,21:42:02,-07:00,2025-10-24T21:42:02-07:00,1,3
global.js,112,js,f4e7b8b5,jaden,2025-10-24,21:42:02,-07:00,2025-10-24T21:42:02-07:00,2,39
global.js,113,js,f4e7b8b5,jaden,2025-10-24,21:42:02,-07:00,2025-10-24T21:42:02-07:00,2,32
global.js,114,js,f4e7b8b5,jaden,2025-10-24,21:42:02,-07:00,2025-10-24T21:42:02-07:00,2,17
global.js,115,js,f4e7b8b5,jaden,2025-10-24,21:42:02,-07:00,2025-10-24T21:42:02-07:00,3,66
global.js,116,js,f4e7b8b5,jaden,2025-10-24,21:42:02,-07:00,2025-10-24T21:42:02-07:00,2,0
global.js,117,js,f4e7b8b5,jaden,2025-10-24,21:42:02,-07:00,2025-10-24T21:42:02-07:00,2,33
global.js,118,js,f4e7b8b5,jaden,2025-10-24,21:42:02,-07:00,2025-10-24T21:42:02-07:00,2,10
global.js,119,js,f4e7b8b5,jaden,2025-10-24,21:42:02,-07:00,2025-10-24T21:42:02-07:00,0,0
global.js,120,js,f4e7b8b5,jaden,2025-10-24,21:42:02,-07:00,2025-10-24T21:42:02-07:00,1,15
global.js,121,js,f4e7b8b5,jaden,2025-10-24,21:42:02,-07:00,2025-10-24T21:42:02-07:00,2,59
global.js,122,js,f4e7b8b5,jaden,2025-10-24,21:42:02,-07:00,2025-10-24T21:42:02-07:00,1,0
global.js,123,js,f4e7b8b5,jaden,2025-10-24,21:42:02,-07:00,2025-10-24T21:42:02-07:00,0,0
global.js,124,js,f4e7b8b5,jaden,2025-10-24,21:42:02,-07:00,2025-10-24T21:42:02-07:00,0,0
global.js,125,js,f4e7b8b5,jaden,2025-10-24,21:42:02,-07:00,2025-10-24T21:42:02-07:00,0,0
global.js,126,js,f4e7b8b5,jaden,2025-10-24,21:42:02,-07:00,2025-10-24T21:42:02-07:00,0,0
global.js,127,js,f4e7b8b5,jaden,2025-10-24,21:42:02,-07:00,2025-10-24T21:42:02-07:00,0,79
global.js,128,js,f4e7b8b5,jaden,2025-10-24,21:42:02,-07:00,2025-10-24T21:42:02-07:00,1,30
global.js,129,js,f4e7b8b5,jaden,2025-10-24,21:42:02,-07:00,2025-10-24T21:42:02-07:00,1,27
global.js,130,js,f4e7b8b5,jaden,2025-10-24,21:42:02,-07:00,2025-10-24T21:42:02-07:00,2,48
global.js,131,js,f4e7b8b5,jaden,2025-10-24,21:42:02,-07:00,2025-10-24T21:42:02-07:00,2,19
global.js,132,js,f4e7b8b5,jaden,2025-10-24,21:42:02,-07:00,2025-10-24T21:42:02-07:00,3,49
global.js,133,js,f4e7b8b5,jaden,2025-10-24,21:42:02,-07:00,2025-10-24T21:42:02-07:00,3,49
global.js,134,js,df269e2e,jaden,2025-10-31,18:38:26,-07:00,2025-10-31T18:38:26-07:00,3,0
global.js,135,js,df269e2e,jaden,2025-10-31,18:38:26,-07:00,2025-10-31T18:38:26-07:00,3,3
global.js,136,js,df269e2e,jaden,2025-10-31,18:38:26,-07:00,2025-10-31T18:38:26-07:00,4,20
global.js,137,js,df269e2e,jaden,2025-10-31,18:38:26,-07:00,2025-10-31T18:38:26-07:00,4,27
global.js,138,js,df269e2e,jaden,2025-10-31,18:38:26,-07:00,2025-10-31T18:38:26-07:00,3,4
global.js,139,js,df269e2e,jaden,2025-10-31,18:38:26,-07:00,2025-10-31T18:38:26-07:00,2,0
global.js,140,js,f4e7b8b5,jaden,2025-10-24,21:42:02,-07:00,2025-10-24T21:42:02-07:00,2,36
global.js,141,js,f4e7b8b5,jaden,2025-10-24,21:42:02,-07:00,2025-10-24T21:42:02-07:00,1,1
global.js,142,js,f4e7b8b5,jaden,2025-10-24,21:42:02,-07:00,2025-10-24T21:42:02-07:00,0,0
global.js,143,js,f4e7b8b5,jaden,2025-10-24,21:42:02,-07:00,2025-10-24T21:42:02-07:00,0,0
global.js,144,js,f4e7b8b5,jaden,2025-10-24,21:42:02,-07:00,2025-10-24T21:42:02-07:00,0,0
global.js,145,js,f4e7b8b5,jaden,2025-10-24,21:42:02,-07:00,2025-10-24T21:42:02-07:00,0,47
global.js,146,js,f4e7b8b5,jaden,2025-10-24,21:42:02,-07:00,2025-10-24T21:42:02-07:00,1,59
global.js,147,js,f4e7b8b5,jaden,2025-10-24,21:42:02,-07:00,2025-10-24T21:42:02-07:00,0,0
global.js,148,js,f4e7b8b5,jaden,2025-10-24,21:42:02,-07:00,2025-10-24T21:42:02-07:00,0,0
global.js,149,js,f4e7b8b5,jaden,2025-10-24,21:42:02,-07:00,2025-10-24T21:42:02-07:00,0,0
global.js,150,js,f4e7b8b5,jaden,2025-10-24,21:42:02,-07:00,2025-10-24T21:42:02-07:00,0,0
resume/index.html,1,html,fcaaac15,jaden,2025-10-10,22:52:35,-07:00,2025-10-10T22:52:35-07:00,0,13
resume/index.html,2,html,fcaaac15,jaden,2025-10-10,22:52:35,-07:00,2025-10-10T22:52:35-07:00,0,14
resume/index.html,3,html,fcaaac15,jaden,2025-10-10,22:52:35,-07:00,2025-10-10T22:52:35-07:00,0,4
resume/index.html,4,html,fcaaac15,jaden,2025-10-10,22:52:35,-07:00,2025-10-10T22:52:35-07:00,1,20
resume/index.html,5,html,fcaaac15,jaden,2025-10-10,22:52:35,-07:00,2025-10-10T22:52:35-07:00,1,68
resume/index.html,6,html,fcaaac15,jaden,2025-10-10,22:52:35,-07:00,2025-10-10T22:52:35-07:00,1,36
resume/index.html,7,html,fcaaac15,jaden,2025-10-10,22:52:35,-07:00,2025-10-10T22:52:35-07:00,1,42
resume/index.html,8,html,fcaaac15,jaden,2025-10-10,22:52:35,-07:00,2025-10-10T22:52:35-07:00,0,5
resume/index.html,9,html,2cbdc487,jaden,2025-10-03,16:17:03,-07:00,2025-10-03T16:17:03-07:00,0,4
resume/index.html,10,html,2cbdc487,jaden,2025-10-03,16:17:03,-07:00,2025-10-03T16:17:03-07:00,1,6
resume/index.html,11,html,2cbdc487,jaden,2025-10-03,16:17:03,-07:00,2025-10-03T16:17:03-07:00,2,20
resume/index.html,12,html,2cbdc487,jaden,2025-10-03,16:17:03,-07:00,2025-10-03T16:17:03-07:00,1,7
resume/index.html,13,html,2cbdc487,jaden,2025-10-03,16:17:03,-07:00,2025-10-03T16:17:03-07:00,0,0
resume/index.html,14,html,2cbdc487,jaden,2025-10-03,16:17:03,-07:00,2025-10-03T16:17:03-07:00,1,7
resume/index.html,15,html,2cbdc487,jaden,2025-10-03,16:17:03,-07:00,2025-10-03T16:17:03-07:00,2,28
resume/index.html,16,html,2cbdc487,jaden,2025-10-03,16:17:03,-07:00,2025-10-03T16:17:03-07:00,1,8
resume/index.html,17,html,fcaaac15,jaden,2025-10-10,22:52:35,-07:00,2025-10-10T22:52:35-07:00,0,0
resume/index.html,18,html,fcaaac15,jaden,2025-10-10,22:52:35,-07:00,2025-10-10T22:52:35-07:00,1,7
resume/index.html,19,html,fcaaac15,jaden,2025-10-10,22:52:35,-07:00,2025-10-10T22:52:35-07:00,1,6
resume/index.html,20,html,fcaaac15,jaden,2025-10-10,22:52:35,-07:00,2025-10-10T22:52:35-07:00,2,16
resume/index.html,21,html,fcaaac15,jaden,2025-10-10,22:52:35,-07:00,2025-10-10T22:52:35-07:00,1,7
resume/index.html,22,html,fcaaac15,jaden,2025-10-10,22:52:35,-07:00,2025-10-10T22:52:35-07:00,0,0
resume/index.html,23,html,fcaaac15,jaden,2025-10-10,22:52:35,-07:00,2025-10-10T22:52:35-07:00,1,7
resume/index.html,24,html,fcaaac15,jaden,2025-10-10,22:52:35,-07:00,2025-10-10T22:52:35-07:00,2,6
resume/index.html,25,html,fcaaac15,jaden,2025-10-10,22:52:35,-07:00,2025-10-10T22:52:35-07:00,3,46
resume/index.html,26,html,fcaaac15,jaden,2025-10-10,22:52:35,-07:00,2025-10-10T22:52:35-07:00,3,42
resume/index.html,27,html,fcaaac15,jaden,2025-10-10,22:52:35,-07:00,2025-10-10T22:52:35-07:00,2,7
resume/index.html,28,html,fcaaac15,jaden,2025-10-10,22:52:35,-07:00,2025-10-10T22:52:35-07:00,2,101
resume/index.html,29,html,fcaaac15,jaden,2025-10-10,22:52:35,-07:00,2025-10-10T22:52:35-07:00,1,8
resume/index.html,30,html,fcaaac15,jaden,2025-10-10,22:52:35,-07:00,2025-10-10T22:52:35-07:00,1,8
resume/index.html,31,html,2cbdc487,jaden,2025-10-03,16:17:03,-07:00,2025-10-03T16:17:03-07:00,1,0
resume/index.html,32,html,2cbdc487,jaden,2025-10-03,16:17:03,-07:00,2025-10-03T16:17:03-07:00,1,7
resume/index.html,33,html,2cbdc487,jaden,2025-10-03,16:17:03,-07:00,2025-10-03T16:17:03-07:00,2,6
resume/index.html,34,html,2cbdc487,jaden,2025-10-03,16:17:03,-07:00,2025-10-03T16:17:03-07:00,3,17
resume/index.html,35,html,2cbdc487,jaden,2025-10-03,16:17:03,-07:00,2025-10-03T16:17:03-07:00,2,7
resume/index.html,36,html,2cbdc487,jaden,2025-10-03,16:17:03,-07:00,2025-10-03T16:17:03-07:00,0,0
resume/index.html,37,html,2cbdc487,jaden,2025-10-03,16:17:03,-07:00,2025-10-03T16:17:03-07:00,2,7
resume/index.html,38,html,2cbdc487,jaden,2025-10-03,16:17:03,-07:00,2025-10-03T16:17:03-07:00,3,6
resume/index.html,39,html,2cbdc487,jaden,2025-10-03,16:17:03,-07:00,2025-10-03T16:17:03-07:00,4,14
resume/index.html,40,html,2cbdc487,jaden,2025-10-03,16:17:03,-07:00,2025-10-03T16:17:03-07:00,3,7
resume/index.html,41,html,2cbdc487,jaden,2025-10-03,16:17:03,-07:00,2025-10-03T16:17:03-07:00,3,36
resume/index.html,42,html,2cbdc487,jaden,2025-10-03,16:17:03,-07:00,2025-10-03T16:17:03-07:00,2,8
resume/index.html,43,html,2cbdc487,jaden,2025-10-03,16:17:03,-07:00,2025-10-03T16:17:03-07:00,0,0
resume/index.html,44,html,2cbdc487,jaden,2025-10-03,16:17:03,-07:00,2025-10-03T16:17:03-07:00,2,7
resume/index.html,45,html,2cbdc487,jaden,2025-10-03,16:17:03,-07:00,2025-10-03T16:17:03-07:00,3,6
resume/index.html,46,html,2cbdc487,jaden,2025-10-03,16:17:03,-07:00,2025-10-03T16:17:03-07:00,4,32
resume/index.html,47,html,2cbdc487,jaden,2025-10-03,16:17:03,-07:00,2025-10-03T16:17:03-07:00,3,7
resume/index.html,48,html,2cbdc487,jaden,2025-10-03,16:17:03,-07:00,2025-10-03T16:17:03-07:00,3,51
resume/index.html,49,html,2cbdc487,jaden,2025-10-03,16:17:03,-07:00,2025-10-03T16:17:03-07:00,2,8
resume/index.html,50,html,2cbdc487,jaden,2025-10-03,16:17:03,-07:00,2025-10-03T16:17:03-07:00,0,0
resume/index.html,51,html,2cbdc487,jaden,2025-10-03,16:17:03,-07:00,2025-10-03T16:17:03-07:00,2,7
resume/index.html,52,html,2cbdc487,jaden,2025-10-03,16:17:03,-07:00,2025-10-03T16:17:03-07:00,3,6
resume/index.html,53,html,2cbdc487,jaden,2025-10-03,16:17:03,-07:00,2025-10-03T16:17:03-07:00,4,22
resume/index.html,54,html,2cbdc487,jaden,2025-10-03,16:17:03,-07:00,2025-10-03T16:17:03-07:00,3,7
resume/index.html,55,html,2cbdc487,jaden,2025-10-03,16:17:03,-07:00,2025-10-03T16:17:03-07:00,3,76
resume/index.html,56,html,2cbdc487,jaden,2025-10-03,16:17:03,-07:00,2025-10-03T16:17:03-07:00,2,8
resume/index.html,57,html,2cbdc487,jaden,2025-10-03,16:17:03,-07:00,2025-10-03T16:17:03-07:00,1,8
resume/index.html,58,html,2cbdc487,jaden,2025-10-03,16:17:03,-07:00,2025-10-03T16:17:03-07:00,0,0
resume/index.html,59,html,2cbdc487,jaden,2025-10-03,16:17:03,-07:00,2025-10-03T16:17:03-07:00,1,7
resume/index.html,60,html,2cbdc487,jaden,2025-10-03,16:17:03,-07:00,2025-10-03T16:17:03-07:00,2,6
resume/index.html,61,html,2cbdc487,jaden,2025-10-03,16:17:03,-07:00,2025-10-03T16:17:03-07:00,3,15
resume/index.html,62,html,2cbdc487,jaden,2025-10-03,16:17:03,-07:00,2025-10-03T16:17:03-07:00,2,7
resume/index.html,63,html,2cbdc487,jaden,2025-10-03,16:17:03,-07:00,2025-10-03T16:17:03-07:00,0,0
resume/index.html,64,html,2cbdc487,jaden,2025-10-03,16:17:03,-07:00,2025-10-03T16:17:03-07:00,2,7
resume/index.html,65,html,2cbdc487,jaden,2025-10-03,16:17:03,-07:00,2025-10-03T16:17:03-07:00,3,6
resume/index.html,66,html,2cbdc487,jaden,2025-10-03,16:17:03,-07:00,2025-10-03T16:17:03-07:00,4,24
resume/index.html,67,html,2cbdc487,jaden,2025-10-03,16:17:03,-07:00,2025-10-03T16:17:03-07:00,4,51
resume/index.html,68,html,2cbdc487,jaden,2025-10-03,16:17:03,-07:00,2025-10-03T16:17:03-07:00,3,7
resume/index.html,69,html,2cbdc487,jaden,2025-10-03,16:17:03,-07:00,2025-10-03T16:17:03-07:00,3,86
resume/index.html,70,html,2cbdc487,jaden,2025-10-03,16:17:03,-07:00,2025-10-03T16:17:03-07:00,3,69
resume/index.html,71,html,2cbdc487,jaden,2025-10-03,16:17:03,-07:00,2025-10-03T16:17:03-07:00,2,8
resume/index.html,72,html,2cbdc487,jaden,2025-10-03,16:17:03,-07:00,2025-10-03T16:17:03-07:00,0,0
resume/index.html,73,html,2cbdc487,jaden,2025-10-03,16:17:03,-07:00,2025-10-03T16:17:03-07:00,2,7
resume/index.html,74,html,2cbdc487,jaden,2025-10-03,16:17:03,-07:00,2025-10-03T16:17:03-07:00,3,6
resume/index.html,75,html,2cbdc487,jaden,2025-10-03,16:17:03,-07:00,2025-10-03T16:17:03-07:00,4,24
resume/index.html,76,html,2cbdc487,jaden,2025-10-03,16:17:03,-07:00,2025-10-03T16:17:03-07:00,4,48
resume/index.html,77,html,2cbdc487,jaden,2025-10-03,16:17:03,-07:00,2025-10-03T16:17:03-07:00,3,7
resume/index.html,78,html,2cbdc487,jaden,2025-10-03,16:17:03,-07:00,2025-10-03T16:17:03-07:00,3,117
resume/index.html,79,html,2cbdc487,jaden,2025-10-03,16:17:03,-07:00,2025-10-03T16:17:03-07:00,3,39
resume/index.html,80,html,2cbdc487,jaden,2025-10-03,16:17:03,-07:00,2025-10-03T16:17:03-07:00,2,8
resume/index.html,81,html,2cbdc487,jaden,2025-10-03,16:17:03,-07:00,2025-10-03T16:17:03-07:00,1,8
resume/index.html,82,html,6f115756,jaden,2025-10-17,18:31:12,-07:00,2025-10-17T18:31:12-07:00,1,48
resume/index.html,83,html,2cbdc487,jaden,2025-10-03,16:17:03,-07:00,2025-10-03T16:17:03-07:00,0,5
resume/index.html,84,html,fcaaac15,jaden,2025-10-10,22:52:35,-07:00,2025-10-10T22:52:35-07:00,0,5
projects/projects.js,1,js,f4e7b8b5,jaden,2025-10-24,21:42:02,-07:00,2025-10-24T21:42:02-07:00,0,55
projects/projects.js,2,js,df269e2e,jaden,2025-10-31,18:38:26,-07:00,2025-10-31T18:38:26-07:00,0,63
projects/projects.js,3,js,f4e7b8b5,jaden,2025-10-24,21:42:02,-07:00,2025-10-24T21:42:02-07:00,0,0
projects/projects.js,4,js,f4e7b8b5,jaden,2025-10-24,21:42:02,-07:00,2025-10-24T21:42:02-07:00,0,55
projects/projects.js,5,js,f4e7b8b5,jaden,2025-10-24,21:42:02,-07:00,2025-10-24T21:42:02-07:00,0,60
projects/projects.js,6,js,f4e7b8b5,jaden,2025-10-24,21:42:02,-07:00,2025-10-24T21:42:02-07:00,0,62
projects/projects.js,7,js,df269e2e,jaden,2025-10-31,18:38:26,-07:00,2025-10-31T18:38:26-07:00,0,55
projects/projects.js,8,js,df269e2e,jaden,2025-10-31,18:38:26,-07:00,2025-10-31T18:38:26-07:00,0,27
projects/projects.js,9,js,df269e2e,jaden,2025-10-31,18:38:26,-07:00,2025-10-31T18:38:26-07:00,0,34
projects/projects.js,10,js,df269e2e,jaden,2025-10-31,18:38:26,-07:00,2025-10-31T18:38:26-07:00,0,59
projects/projects.js,11,js,df269e2e,jaden,2025-10-31,18:38:26,-07:00,2025-10-31T18:38:26-07:00,0,49
projects/projects.js,12,js,df269e2e,jaden,2025-10-31,18:38:26,-07:00,2025-10-31T18:38:26-07:00,0,0
projects/projects.js,13,js,df269e2e,jaden,2025-10-31,18:38:26,-07:00,2025-10-31T18:38:26-07:00,0,21
projects/projects.js,14,js,f4e7b8b5,jaden,2025-10-24,21:42:02,-07:00,2025-10-24T21:42:02-07:00,0,0
projects/projects.js,15,js,f4e7b8b5,jaden,2025-10-24,21:42:02,-07:00,2025-10-24T21:42:02-07:00,0,58
projects/projects.js,16,js,df269e2e,jaden,2025-10-31,18:38:26,-07:00,2025-10-31T18:38:26-07:00,0,48
projects/projects.js,17,js,df269e2e,jaden,2025-10-31,18:38:26,-07:00,2025-10-31T18:38:26-07:00,0,23
projects/projects.js,18,js,df269e2e,jaden,2025-10-31,18:38:26,-07:00,2025-10-31T18:38:26-07:00,0,0
projects/projects.js,19,js,df269e2e,jaden,2025-10-31,18:38:26,-07:00,2025-10-31T18:38:26-07:00,0,48
projects/projects.js,20,js,df269e2e,jaden,2025-10-31,18:38:26,-07:00,2025-10-31T18:38:26-07:00,1,45
projects/projects.js,21,js,df269e2e,jaden,2025-10-31,18:38:26,-07:00,2025-10-31T18:38:26-07:00,0,0
projects/projects.js,22,js,df269e2e,jaden,2025-10-31,18:38:26,-07:00,2025-10-31T18:38:26-07:00,1,53
projects/projects.js,23,js,df269e2e,jaden,2025-10-31,18:38:26,-07:00,2025-10-31T18:38:26-07:00,2,61
projects/projects.js,24,js,df269e2e,jaden,2025-10-31,18:38:26,-07:00,2025-10-31T18:38:26-07:00,2,28
projects/projects.js,25,js,df269e2e,jaden,2025-10-31,18:38:26,-07:00,2025-10-31T18:38:26-07:00,1,1
projects/projects.js,26,js,df269e2e,jaden,2025-10-31,18:38:26,-07:00,2025-10-31T18:38:26-07:00,0,0
projects/projects.js,27,js,df269e2e,jaden,2025-10-31,18:38:26,-07:00,2025-10-31T18:38:26-07:00,1,29
projects/projects.js,28,js,df269e2e,jaden,2025-10-31,18:38:26,-07:00,2025-10-31T18:38:26-07:00,0,1
projects/projects.js,29,js,df269e2e,jaden,2025-10-31,18:38:26,-07:00,2025-10-31T18:38:26-07:00,0,0
projects/projects.js,30,js,df269e2e,jaden,2025-10-31,18:38:26,-07:00,2025-10-31T18:38:26-07:00,0,39
projects/projects.js,31,js,df269e2e,jaden,2025-10-31,18:38:26,-07:00,2025-10-31T18:38:26-07:00,1,28
projects/projects.js,32,js,df269e2e,jaden,2025-10-31,18:38:26,-07:00,2025-10-31T18:38:26-07:00,1,25
projects/projects.js,33,js,df269e2e,jaden,2025-10-31,18:38:26,-07:00,2025-10-31T18:38:26-07:00,2,28
projects/projects.js,34,js,df269e2e,jaden,2025-10-31,18:38:26,-07:00,2025-10-31T18:38:26-07:00,3,15
projects/projects.js,35,js,df269e2e,jaden,2025-10-31,18:38:26,-07:00,2025-10-31T18:38:26-07:00,3,12
projects/projects.js,36,js,df269e2e,jaden,2025-10-31,18:38:26,-07:00,2025-10-31T18:38:26-07:00,3,9
projects/projects.js,37,js,df269e2e,jaden,2025-10-31,18:38:26,-07:00,2025-10-31T18:38:26-07:00,2,0
projects/projects.js,38,js,df269e2e,jaden,2025-10-31,18:38:26,-07:00,2025-10-31T18:38:26-07:00,2,47
projects/projects.js,39,js,df269e2e,jaden,2025-10-31,18:38:26,-07:00,2025-10-31T18:38:26-07:00,3,11
projects/projects.js,40,js,df269e2e,jaden,2025-10-31,18:38:26,-07:00,2025-10-31T18:38:26-07:00,3,21
projects/projects.js,41,js,df269e2e,jaden,2025-10-31,18:38:26,-07:00,2025-10-31T18:38:26-07:00,2,2
projects/projects.js,42,js,df269e2e,jaden,2025-10-31,18:38:26,-07:00,2025-10-31T18:38:26-07:00,2,0
projects/projects.js,43,js,df269e2e,jaden,2025-10-31,18:38:26,-07:00,2025-10-31T18:38:26-07:00,2,24
projects/projects.js,44,js,df269e2e,jaden,2025-10-31,18:38:26,-07:00,2025-10-31T18:38:26-07:00,3,45
projects/projects.js,45,js,df269e2e,jaden,2025-10-31,18:38:26,-07:00,2025-10-31T18:38:26-07:00,3,72
projects/projects.js,46,js,df269e2e,jaden,2025-10-31,18:38:26,-07:00,2025-10-31T18:38:26-07:00,2,6
projects/projects.js,47,js,df269e2e,jaden,2025-10-31,18:38:26,-07:00,2025-10-31T18:38:26-07:00,3,17
projects/projects.js,48,js,df269e2e,jaden,2025-10-31,18:38:26,-07:00,2025-10-31T18:38:26-07:00,2,0
projects/projects.js,49,js,df269e2e,jaden,2025-10-31,18:38:26,-07:00,2025-10-31T18:38:26-07:00,1,0
projects/projects.js,50,js,df269e2e,jaden,2025-10-31,18:38:26,-07:00,2025-10-31T18:38:26-07:00,0,0
projects/projects.js,51,js,df269e2e,jaden,2025-10-31,18:38:26,-07:00,2025-10-31T18:38:26-07:00,1,56
projects/projects.js,52,js,df269e2e,jaden,2025-10-31,18:38:26,-07:00,2025-10-31T18:38:26-07:00,1,46
projects/projects.js,53,js,df269e2e,jaden,2025-10-31,18:38:26,-07:00,2025-10-31T18:38:26-07:00,0,0
projects/projects.js,54,js,df269e2e,jaden,2025-10-31,18:38:26,-07:00,2025-10-31T18:38:26-07:00,0,0
projects/projects.js,55,js,df269e2e,jaden,2025-10-31,18:38:26,-07:00,2025-10-31T18:38:26-07:00,1,31
projects/projects.js,56,js,df269e2e,jaden,2025-10-31,18:38:26,-07:00,2025-10-31T18:38:26-07:00,0,0
projects/projects.js,57,js,df269e2e,jaden,2025-10-31,18:38:26,-07:00,2025-10-31T18:38:26-07:00,0,0
projects/projects.js,58,js,df269e2e,jaden,2025-10-31,18:38:26,-07:00,2025-10-31T18:38:26-07:00,0,38
projects/projects.js,59,js,df269e2e,jaden,2025-10-31,18:38:26,-07:00,2025-10-31T18:38:26-07:00,0,0
projects/projects.js,60,js,df269e2e,jaden,2025-10-31,18:38:26,-07:00,2025-10-31T18:38:26-07:00,1,29
projects/projects.js,61,js,df269e2e,jaden,2025-10-31,18:38:26,-07:00,2025-10-31T18:38:26-07:00,1,30
projects/projects.js,62,js,df269e2e,jaden,2025-10-31,18:38:26,-07:00,2025-10-31T18:38:26-07:00,0,0
projects/projects.js,63,js,df269e2e,jaden,2025-10-31,18:38:26,-07:00,2025-10-31T18:38:26-07:00,1,28
projects/projects.js,64,js,df269e2e,jaden,2025-10-31,18:38:26,-07:00,2025-10-31T18:38:26-07:00,2,12
projects/projects.js,65,js,df269e2e,jaden,2025-10-31,18:38:26,-07:00,2025-10-31T18:38:26-07:00,2,12
projects/projects.js,66,js,df269e2e,jaden,2025-10-31,18:38:26,-07:00,2025-10-31T18:38:26-07:00,2,9
projects/projects.js,67,js,df269e2e,jaden,2025-10-31,18:38:26,-07:00,2025-10-31T18:38:26-07:00,1,0
projects/projects.js,68,js,df269e2e,jaden,2025-10-31,18:38:26,-07:00,2025-10-31T18:38:26-07:00,0,0
projects/projects.js,69,js,df269e2e,jaden,2025-10-31,18:38:26,-07:00,2025-10-31T18:38:26-07:00,1,47
projects/projects.js,70,js,df269e2e,jaden,2025-10-31,18:38:26,-07:00,2025-10-31T18:38:26-07:00,2,11
projects/projects.js,71,js,df269e2e,jaden,2025-10-31,18:38:26,-07:00,2025-10-31T18:38:26-07:00,2,21
projects/projects.js,72,js,df269e2e,jaden,2025-10-31,18:38:26,-07:00,2025-10-31T18:38:26-07:00,1,2
projects/projects.js,73,js,df269e2e,jaden,2025-10-31,18:38:26,-07:00,2025-10-31T18:38:26-07:00,0,0
projects/projects.js,74,js,df269e2e,jaden,2025-10-31,18:38:26,-07:00,2025-10-31T18:38:26-07:00,1,28
projects/projects.js,75,js,df269e2e,jaden,2025-10-31,18:38:26,-07:00,2025-10-31T18:38:26-07:00,0,0
projects/projects.js,76,js,df269e2e,jaden,2025-10-31,18:38:26,-07:00,2025-10-31T18:38:26-07:00,1,50
projects/projects.js,77,js,df269e2e,jaden,2025-10-31,18:38:26,-07:00,2025-10-31T18:38:26-07:00,1,36
projects/projects.js,78,js,df269e2e,jaden,2025-10-31,18:38:26,-07:00,2025-10-31T18:38:26-07:00,0,0
projects/projects.js,79,js,df269e2e,jaden,2025-10-31,18:38:26,-07:00,2025-10-31T18:38:26-07:00,1,26
projects/projects.js,80,js,df269e2e,jaden,2025-10-31,18:38:26,-07:00,2025-10-31T18:38:26-07:00,2,16
projects/projects.js,81,js,df269e2e,jaden,2025-10-31,18:38:26,-07:00,2025-10-31T18:38:26-07:00,3,25
projects/projects.js,82,js,df269e2e,jaden,2025-10-31,18:38:26,-07:00,2025-10-31T18:38:26-07:00,3,22
projects/projects.js,83,js,df269e2e,jaden,2025-10-31,18:38:26,-07:00,2025-10-31T18:38:26-07:00,3,18
projects/projects.js,84,js,df269e2e,jaden,2025-10-31,18:38:26,-07:00,2025-10-31T18:38:26-07:00,4,43
projects/projects.js,85,js,df269e2e,jaden,2025-10-31,18:38:26,-07:00,2025-10-31T18:38:26-07:00,4,20
projects/projects.js,86,js,df269e2e,jaden,2025-10-31,18:38:26,-07:00,2025-10-31T18:38:26-07:00,3,1
projects/projects.js,87,js,df269e2e,jaden,2025-10-31,18:38:26,-07:00,2025-10-31T18:38:26-07:00,1,1
projects/projects.js,88,js,df269e2e,jaden,2025-10-31,18:38:26,-07:00,2025-10-31T18:38:26-07:00,0,0
projects/projects.js,89,js,df269e2e,jaden,2025-10-31,18:38:26,-07:00,2025-10-31T18:38:26-07:00,1,24
projects/projects.js,90,js,df269e2e,jaden,2025-10-31,18:38:26,-07:00,2025-10-31T18:38:26-07:00,2,17
projects/projects.js,91,js,df269e2e,jaden,2025-10-31,18:38:26,-07:00,2025-10-31T18:38:26-07:00,3,38
projects/projects.js,92,js,df269e2e,jaden,2025-10-31,18:38:26,-07:00,2025-10-31T18:38:26-07:00,3,68
projects/projects.js,93,js,df269e2e,jaden,2025-10-31,18:38:26,-07:00,2025-10-31T18:38:26-07:00,3,25
projects/projects.js,94,js,df269e2e,jaden,2025-10-31,18:38:26,-07:00,2025-10-31T18:38:26-07:00,3,18
projects/projects.js,95,js,df269e2e,jaden,2025-10-31,18:38:26,-07:00,2025-10-31T18:38:26-07:00,4,47
projects/projects.js,96,js,df269e2e,jaden,2025-10-31,18:38:26,-07:00,2025-10-31T18:38:26-07:00,4,20
projects/projects.js,97,js,df269e2e,jaden,2025-10-31,18:38:26,-07:00,2025-10-31T18:38:26-07:00,3,1
projects/projects.js,98,js,df269e2e,jaden,2025-10-31,18:38:26,-07:00,2025-10-31T18:38:26-07:00,1,1
projects/projects.js,99,js,df269e2e,jaden,2025-10-31,18:38:26,-07:00,2025-10-31T18:38:26-07:00,0,0
projects/projects.js,100,js,df269e2e,jaden,2025-10-31,18:38:26,-07:00,2025-10-31T18:38:26-07:00,1,89
projects/projects.js,101,js,df269e2e,jaden,2025-10-31,18:38:26,-07:00,2025-10-31T18:38:26-07:00,1,90
projects/projects.js,102,js,df269e2e,jaden,2025-10-31,18:38:26,-07:00,2025-10-31T18:38:26-07:00,0,0
projects/projects.js,103,js,f4e7b8b5,jaden,2025-10-24,21:42:02,-07:00,2025-10-24T21:42:02-07:00,0,0
projects/projects.js,104,js,df269e2e,jaden,2025-10-31,18:38:26,-07:00,2025-10-31T18:38:26-07:00,0,30
projects/projects.js,105,js,df269e2e,jaden,2025-10-31,18:38:26,-07:00,2025-10-31T18:38:26-07:00,1,50
projects/projects.js,106,js,df269e2e,jaden,2025-10-31,18:38:26,-07:00,2025-10-31T18:38:26-07:00,1,59
projects/projects.js,107,js,df269e2e,jaden,2025-10-31,18:38:26,-07:00,2025-10-31T18:38:26-07:00,2,61
projects/projects.js,108,js,df269e2e,jaden,2025-10-31,18:38:26,-07:00,2025-10-31T18:38:26-07:00,2,34
projects/projects.js,109,js,df269e2e,jaden,2025-10-31,18:38:26,-07:00,2025-10-31T18:38:26-07:00,1,1
projects/projects.js,110,js,df269e2e,jaden,2025-10-31,18:38:26,-07:00,2025-10-31T18:38:26-07:00,1,0
projects/projects.js,111,js,df269e2e,jaden,2025-10-31,18:38:26,-07:00,2025-10-31T18:38:26-07:00,1,35
projects/projects.js,112,js,df269e2e,jaden,2025-10-31,18:38:26,-07:00,2025-10-31T18:38:26-07:00,0,0
projects/index.html,1,html,2cbdc487,jaden,2025-10-03,16:17:03,-07:00,2025-10-03T16:17:03-07:00,0,13
projects/index.html,2,html,2cbdc487,jaden,2025-10-03,16:17:03,-07:00,2025-10-03T16:17:03-07:00,0,14
projects/index.html,3,html,2cbdc487,jaden,2025-10-03,16:17:03,-07:00,2025-10-03T16:17:03-07:00,0,4
projects/index.html,4,html,2cbdc487,jaden,2025-10-03,16:17:03,-07:00,2025-10-03T16:17:03-07:00,1,20
projects/index.html,5,html,2cbdc487,jaden,2025-10-03,16:17:03,-07:00,2025-10-03T16:17:03-07:00,1,68
projects/index.html,6,html,2cbdc487,jaden,2025-10-03,16:17:03,-07:00,2025-10-03T16:17:03-07:00,1,21
projects/index.html,7,html,fcaaac15,jaden,2025-10-10,22:52:35,-07:00,2025-10-10T22:52:35-07:00,1,42
projects/index.html,8,html,f4e7b8b5,jaden,2025-10-24,21:42:02,-07:00,2025-10-24T21:42:02-07:00,1,0
projects/index.html,9,html,f4e7b8b5,jaden,2025-10-24,21:42:02,-07:00,2025-10-24T21:42:02-07:00,1,0
projects/index.html,10,html,2cbdc487,jaden,2025-10-03,16:17:03,-07:00,2025-10-03T16:17:03-07:00,0,5
projects/index.html,11,html,2cbdc487,jaden,2025-10-03,16:17:03,-07:00,2025-10-03T16:17:03-07:00,0,4
projects/index.html,12,html,f4e7b8b5,jaden,2025-10-24,21:42:02,-07:00,2025-10-24T21:42:02-07:00,1,38
projects/index.html,13,html,fcaaac15,jaden,2025-10-10,22:52:35,-07:00,2025-10-10T22:52:35-07:00,0,0
projects/index.html,14,html,df269e2e,jaden,2025-10-31,18:38:26,-07:00,2025-10-31T18:38:26-07:00,1,21
projects/index.html,15,html,df269e2e,jaden,2025-10-31,18:38:26,-07:00,2025-10-31T18:38:26-07:00,1,52
projects/index.html,16,html,df269e2e,jaden,2025-10-31,18:38:26,-07:00,2025-10-31T18:38:26-07:00,2,10
projects/index.html,17,html,df269e2e,jaden,2025-10-31,18:38:26,-07:00,2025-10-31T18:38:26-07:00,1,4
projects/index.html,18,html,df269e2e,jaden,2025-10-31,18:38:26,-07:00,2025-10-31T18:38:26-07:00,1,17
projects/index.html,19,html,df269e2e,jaden,2025-10-31,18:38:26,-07:00,2025-10-31T18:38:26-07:00,2,10
projects/index.html,20,html,df269e2e,jaden,2025-10-31,18:38:26,-07:00,2025-10-31T18:38:26-07:00,1,3
projects/index.html,21,html,df269e2e,jaden,2025-10-31,18:38:26,-07:00,2025-10-31T18:38:26-07:00,1,0
projects/index.html,22,html,df269e2e,jaden,2025-10-31,18:38:26,-07:00,2025-10-31T18:38:26-07:00,0,4
projects/index.html,23,html,df269e2e,jaden,2025-10-31,18:38:26,-07:00,2025-10-31T18:38:26-07:00,0,28
projects/index.html,24,html,df269e2e,jaden,2025-10-31,18:38:26,-07:00,2025-10-31T18:38:26-07:00,2,4
projects/index.html,25,html,df269e2e,jaden,2025-10-31,18:38:26,-07:00,2025-10-31T18:38:26-07:00,3,15
projects/index.html,26,html,df269e2e,jaden,2025-10-31,18:38:26,-07:00,2025-10-31T18:38:26-07:00,3,11
projects/index.html,27,html,df269e2e,jaden,2025-10-31,18:38:26,-07:00,2025-10-31T18:38:26-07:00,3,26
projects/index.html,28,html,df269e2e,jaden,2025-10-31,18:38:26,-07:00,2025-10-31T18:38:26-07:00,3,31
projects/index.html,29,html,df269e2e,jaden,2025-10-31,18:38:26,-07:00,2025-10-31T18:38:26-07:00,2,0
projects/index.html,30,html,df269e2e,jaden,2025-10-31,18:38:26,-07:00,2025-10-31T18:38:26-07:00,1,4
projects/index.html,31,html,fcaaac15,jaden,2025-10-10,22:52:35,-07:00,2025-10-10T22:52:35-07:00,0,0
projects/index.html,32,html,fcaaac15,jaden,2025-10-10,22:52:35,-07:00,2025-10-10T22:52:35-07:00,0,0
projects/index.html,33,html,fcaaac15,jaden,2025-10-10,22:52:35,-07:00,2025-10-10T22:52:35-07:00,0,0
projects/index.html,34,html,df269e2e,jaden,2025-10-31,18:38:26,-07:00,2025-10-31T18:38:26-07:00,1,0
projects/index.html,35,html,df269e2e,jaden,2025-10-31,18:38:26,-07:00,2025-10-31T18:38:26-07:00,1,20
projects/index.html,36,html,fcaaac15,jaden,2025-10-10,22:52:35,-07:00,2025-10-10T22:52:35-07:00,1,4
projects/index.html,37,html,6f115756,jaden,2025-10-17,18:31:12,-07:00,2025-10-17T18:31:12-07:00,1,48
projects/index.html,38,html,f4e7b8b5,jaden,2025-10-24,21:42:02,-07:00,2025-10-24T21:42:02-07:00,1,47
projects/index.html,39,html,f4e7b8b5,jaden,2025-10-24,21:42:02,-07:00,2025-10-24T21:42:02-07:00,1,0
projects/index.html,40,html,f4e7b8b5,jaden,2025-10-24,21:42:02,-07:00,2025-10-24T21:42:02-07:00,1,0
projects/index.html,41,html,2cbdc487,jaden,2025-10-03,16:17:03,-07:00,2025-10-03T16:17:03-07:00,0,5
projects/index.html,42,html,2cbdc487,jaden,2025-10-03,16:17:03,-07:00,2025-10-03T16:17:03-07:00,0,5
contact/index.html,1,html,fcaaac15,jaden,2025-10-10,22:52:35,-07:00,2025-10-10T22:52:35-07:00,0,13
contact/index.html,2,html,fcaaac15,jaden,2025-10-10,22:52:35,-07:00,2025-10-10T22:52:35-07:00,0,14
contact/index.html,3,html,fcaaac15,jaden,2025-10-10,22:52:35,-07:00,2025-10-10T22:52:35-07:00,0,4
contact/index.html,4,html,fcaaac15,jaden,2025-10-10,22:52:35,-07:00,2025-10-10T22:52:35-07:00,1,20
contact/index.html,5,html,fcaaac15,jaden,2025-10-10,22:52:35,-07:00,2025-10-10T22:52:35-07:00,1,68
contact/index.html,6,html,fcaaac15,jaden,2025-10-10,22:52:35,-07:00,2025-10-10T22:52:35-07:00,1,34
contact/index.html,7,html,21b3f26f,jaden,2025-10-10,22:56:12,-07:00,2025-10-10T22:56:12-07:00,1,42
contact/index.html,8,html,fcaaac15,jaden,2025-10-10,22:52:35,-07:00,2025-10-10T22:52:35-07:00,0,5
contact/index.html,9,html,fcaaac15,jaden,2025-10-10,22:52:35,-07:00,2025-10-10T22:52:35-07:00,0,4
contact/index.html,10,html,2cbdc487,jaden,2025-10-03,16:17:03,-07:00,2025-10-03T16:17:03-07:00,0,0
contact/index.html,11,html,fcaaac15,jaden,2025-10-10,22:52:35,-07:00,2025-10-10T22:52:35-07:00,0,0
contact/index.html,12,html,fcaaac15,jaden,2025-10-10,22:52:35,-07:00,2025-10-10T22:52:35-07:00,1,6
contact/index.html,13,html,fcaaac15,jaden,2025-10-10,22:52:35,-07:00,2025-10-10T22:52:35-07:00,2,17
contact/index.html,14,html,fcaaac15,jaden,2025-10-10,22:52:35,-07:00,2025-10-10T22:52:35-07:00,1,7
contact/index.html,15,html,fcaaac15,jaden,2025-10-10,22:52:35,-07:00,2025-10-10T22:52:35-07:00,0,0
contact/index.html,16,html,fcaaac15,jaden,2025-10-10,22:52:35,-07:00,2025-10-10T22:52:35-07:00,2,0
contact/index.html,17,html,fcaaac15,jaden,2025-10-10,22:52:35,-07:00,2025-10-10T22:52:35-07:00,1,78
contact/index.html,18,html,2cbdc487,jaden,2025-10-03,16:17:03,-07:00,2025-10-03T16:17:03-07:00,1,5
contact/index.html,19,html,fcaaac15,jaden,2025-10-10,22:52:35,-07:00,2025-10-10T22:52:35-07:00,2,4
contact/index.html,20,html,2cbdc487,jaden,2025-10-03,16:17:03,-07:00,2025-10-03T16:17:03-07:00,2,40
contact/index.html,21,html,2cbdc487,jaden,2025-10-03,16:17:03,-07:00,2025-10-03T16:17:03-07:00,1,6
contact/index.html,22,html,2cbdc487,jaden,2025-10-03,16:17:03,-07:00,2025-10-03T16:17:03-07:00,0,0
contact/index.html,23,html,2cbdc487,jaden,2025-10-03,16:17:03,-07:00,2025-10-03T16:17:03-07:00,1,5
contact/index.html,24,html,2cbdc487,jaden,2025-10-03,16:17:03,-07:00,2025-10-03T16:17:03-07:00,2,6
contact/index.html,25,html,2cbdc487,jaden,2025-10-03,16:17:03,-07:00,2025-10-03T16:17:03-07:00,2,20
contact/index.html,26,html,2cbdc487,jaden,2025-10-03,16:17:03,-07:00,2025-10-03T16:17:03-07:00,1,6
contact/index.html,27,html,2cbdc487,jaden,2025-10-03,16:17:03,-07:00,2025-10-03T16:17:03-07:00,0,0
contact/index.html,28,html,2cbdc487,jaden,2025-10-03,16:17:03,-07:00,2025-10-03T16:17:03-07:00,1,5
contact/index.html,29,html,2cbdc487,jaden,2025-10-03,16:17:03,-07:00,2025-10-03T16:17:03-07:00,2,6
contact/index.html,30,html,2cbdc487,jaden,2025-10-03,16:17:03,-07:00,2025-10-03T16:17:03-07:00,2,50
contact/index.html,31,html,2cbdc487,jaden,2025-10-03,16:17:03,-07:00,2025-10-03T16:17:03-07:00,1,6
contact/index.html,32,html,2cbdc487,jaden,2025-10-03,16:17:03,-07:00,2025-10-03T16:17:03-07:00,0,0
contact/index.html,33,html,fcaaac15,jaden,2025-10-10,22:52:35,-07:00,2025-10-10T22:52:35-07:00,1,33
contact/index.html,34,html,2cbdc487,jaden,2025-10-03,16:17:03,-07:00,2025-10-03T16:17:03-07:00,0,5
contact/index.html,35,html,fcaaac15,jaden,2025-10-10,22:52:35,-07:00,2025-10-10T22:52:35-07:00,0,0
contact/index.html,36,html,6f115756,jaden,2025-10-17,18:31:12,-07:00,2025-10-17T18:31:12-07:00,0,48
contact/index.html,37,html,fcaaac15,jaden,2025-10-10,22:52:35,-07:00,2025-10-10T22:52:35-07:00,0,5
contact/index.html,38,html,fcaaac15,jaden,2025-10-10,22:52:35,-07:00,2025-10-10T22:52:35-07:00,0,5
